playerID,POS,E,teamID,lgID,G,1B,2B,3B,HR,BB,RBI,SB,K,HBP,SAC,CS,nameFirst,nameLast
abreujo02,1B,10,CHW,AL,156,189,43,6,33,35,102,3,119,15,123,0,Jose,Abreu
adamecr01,2B,1,COL,NL,12,0,0,0,0,1,0,0,6,0,6,0,Cristhian,Adames
adamsma01,1B,7,ATL,NL,100,79,20,1,19,19,58,0,71,1,74,0,Matt,Adams
adriaeh01,2B,0,MIN,AL,70,43,9,2,2,16,24,8,25,1,31,1,Ehire,Adrianza
aguilje01,1B,0,MIL,NL,133,74,15,2,16,25,52,0,94,4,97,0,Jesus,Aguilar
ahmedni01,SS,10,ARI,NL,53,42,8,1,6,10,21,3,39,1,39,4,Nick,Ahmed
alcanar01,2B,0,CIN,NL,70,18,3,1,1,2,7,2,38,0,38,0,Arismendy,Alcantara
alfarjo01,C,0,PHI,NL,29,34,6,0,5,3,14,0,33,4,33,0,Jorge,Alfaro
almonab01,OF,2,CLE,AL,69,40,8,3,3,20,14,2,46,1,47,1,Abraham,Almonte
almoral01,OF,0,CHC,NL,132,89,18,1,8,19,46,1,53,0,55,0,Albert,Almora
alonsyo01,1B,4,SEA,AL,42,35,5,0,6,18,18,1,30,0,30,0,Yonder,Alonso
altheaa01,OF,1,PHI,NL,107,101,24,5,19,32,65,5,104,7,105,4,Aaron,Altherr
altuvjo01,2B,7,HOU,AL,153,204,39,4,24,58,81,32,84,9,88,6,Jose,Altuve
alvarpe01,3B,4,BAL,AL,14,10,1,0,1,2,4,0,10,0,10,0,Pedro,Alvarez
amarial01,2B,1,COL,NL,96,40,10,0,3,7,19,1,38,0,38,0,Alexi,Amarista
anderti01,SS,14,CHW,AL,146,151,26,4,17,13,56,15,162,3,163,1,Tim,Anderson
andruel01,SS,17,TEX,AL,158,191,44,4,20,38,88,25,101,3,105,10,Elvis,Andrus
aokino01,OF,1,HOU,AL,70,55,12,1,2,15,19,5,29,2,33,2,Nori,Aoki
arciaor01,SS,5,MIL,NL,153,140,17,2,15,36,53,14,100,1,103,7,Orlando,Arcia
arenano01,3B,13,COL,NL,159,187,43,7,37,62,130,3,106,4,112,2,Nolan,Arenado
ascheco01,OF,1,CHW,AL,19,6,1,0,1,3,4,0,21,2,21,0,Cody,Asche
asuajca01,2B,1,SDP,NL,89,83,14,1,4,28,21,0,76,2,77,1,Carlos,Asuaje
austity01,1B,0,NYY,AL,20,9,2,0,2,4,8,0,17,0,19,0,Tyler,Austin
avilaal01,C,2,CHC,NL,35,22,2,1,3,19,17,0,40,0,40,0,Alex,Avila
avilemi01,2B,0,MIA,NL,37,20,2,0,1,6,8,0,15,2,15,0,Mike,Aviles
aybarer01,2B,0,SDP,NL,108,78,15,1,7,28,22,11,57,4,59,4,Erick,Aybar
baezja01,1B,0,CHC,NL,145,128,24,2,23,30,75,10,144,1,146,3,Javier,Baez
bandyje01,C,3,MIL,NL,60,35,6,0,6,15,18,1,51,4,51,0,Jett,Bandy
barneau01,2B,0,LAD,NL,102,63,15,2,8,39,38,4,43,5,43,1,Austin,Barnes
barneda01,2B,4,TOR,AL,129,78,14,0,6,18,25,7,64,2,65,2,Darwin,Barney
barnhtu01,C,7,CIN,NL,121,100,24,2,7,42,44,4,68,3,71,0,Tucker,Barnhart
bautijo02,1B,0,TOR,AL,157,119,27,0,23,84,65,6,170,8,177,3,Jose,Bautista
beckhgo01,2B,2,SEA,AL,11,3,0,0,0,1,0,1,2,0,2,0,Gordon,Beckham
beckhti01,1B,0,TBR,AL,87,82,5,3,12,24,36,5,110,2,111,4,Tim,Beckham
belljo02,1B,3,PIT,NL,159,140,26,6,26,66,90,2,117,1,121,4,Josh,Bell
beltbr01,1B,8,SFG,NL,104,92,27,3,18,66,51,3,104,2,105,2,Brandon,Belt
beltrad01,3B,10,TEX,AL,94,106,22,1,17,39,71,1,52,4,58,0,Adrian,Beltre
beltrca01,OF,1,HOU,AL,129,108,29,0,14,33,51,0,102,3,108,0,Carlos,Beltran
beninan01,OF,1,BOS,AL,151,155,26,1,20,70,90,20,112,6,120,5,Andrew,Benintendi
bethach01,2B,0,SDP,NL,8,1,0,0,0,0,0,0,3,0,3,0,Christian,Bethancourt
bettsmo01,OF,1,BOS,AL,153,166,46,2,24,77,102,26,79,2,84,3,Mookie,Betts
blackch02,OF,3,COL,NL,159,213,35,14,37,65,104,14,135,10,138,10,Charlie,Blackmon
blancan01,1B,0,PHI,NL,80,25,4,0,3,12,13,1,34,0,36,0,Andres,Blanco
blancgr01,OF,1,ARI,NL,90,55,10,3,3,31,13,15,59,0,59,1,Gregor,Blanco
blashja01,OF,0,SDP,NL,61,35,6,0,5,28,16,1,66,2,67,2,Jabari,Blash
bogaexa01,SS,12,BOS,AL,148,156,32,6,10,56,62,15,116,6,118,1,Xander,Bogaerts
bonifem01,OF,0,ATL,NL,38,5,1,1,0,1,3,0,9,0,10,0,Emilio,Bonifacio
bourjpe01,OF,1,TBR,AL,100,42,9,3,5,12,15,5,53,1,54,4,Peter,Bourjos
bourju01,1B,3,MIA,NL,108,109,18,0,25,47,83,1,95,1,99,0,Justin,Bour
bradlja02,OF,3,BOS,AL,133,118,19,3,17,48,63,8,124,9,126,3,Jackie,Bradley
brantmi02,OF,0,CLE,AL,90,101,20,1,9,31,52,11,50,2,54,1,Michael,Brantley
braunry02,OF,3,MIL,NL,104,102,28,2,17,38,52,12,76,3,80,4,Ryan,Braun
bregmal01,2B,0,HOU,AL,155,158,39,5,19,55,71,17,97,7,104,5,Alex,Bregman
broxtke01,OF,4,MIL,NL,143,91,15,4,20,40,49,21,175,7,176,7,Keon,Broxton
bruceja01,OF,5,CLE,AL,43,37,9,2,7,18,26,1,37,1,38,0,Jay,Bruce
bryankr01,1B,0,CHC,NL,151,162,38,4,29,95,73,7,128,15,134,5,Kris,Bryant
burnsbi02,OF,2,KCR,AL,7,1,0,0,0,0,0,0,1,0,1,1,Billy,Burns
buterdr01,1B,0,KCR,AL,75,37,4,1,3,12,14,0,41,1,41,0,Drew,Butera
buxtoby01,OF,4,MIN,AL,140,117,14,6,16,38,51,29,150,4,152,1,Byron,Buxton
cabreas01,SS,7,NYM,NL,135,134,32,0,14,50,59,3,83,5,88,2,Asdrubal,Cabrera
cabreme01,OF,3,KCR,AL,58,60,13,2,4,11,29,1,22,1,25,2,Melky,Cabrera
cabremi01,1B,7,DET,AL,130,117,22,0,16,54,60,0,110,3,113,1,Miguel,Cabrera
cainlo01,OF,3,KCR,AL,155,175,27,5,15,54,49,26,100,5,102,2,Lorenzo,Cain
calhoko01,OF,5,LAA,AL,155,139,23,2,19,71,71,5,134,8,140,1,Kole,Calhoun
candeje01,3B,1,CHC,NL,11,5,2,0,1,1,3,0,12,2,12,0,Jeimer,Candelario
canhama01,1B,1,OAK,AL,57,36,13,1,5,7,14,2,56,6,57,0,Mark,Canha
canoro01,2B,3,SEA,AL,150,166,33,0,23,49,97,1,85,4,88,0,Robinson,Cano
cardust01,1B,2,COL,NL,15,4,0,0,0,3,3,0,7,1,7,0,Stephen,Cardullo
carpema01,1B,1,STL,NL,145,120,31,2,23,109,69,2,125,9,130,1,Matt,Carpenter
carreez01,OF,1,TOR,AL,131,81,10,1,8,30,20,10,75,3,75,1,Ezequiel,Carrera
cartech02,1B,11,NYY,AL,62,37,5,1,8,20,26,0,76,2,78,0,Chris,Carter
casalcu01,C,4,TBR,AL,9,3,0,0,1,3,3,0,3,0,4,0,Curt,Casali
casteni01,3B,9,DET,AL,157,167,36,10,26,41,101,4,142,5,147,5,Nick,Castellanos
castiwe01,C,7,BAL,AL,96,96,11,0,20,22,53,0,97,0,99,0,Welington,Castillo
castrja01,1B,0,MIN,AL,110,86,22,0,10,45,47,0,108,4,109,0,Jason,Castro
castrst01,2B,12,NYY,AL,112,133,18,1,16,23,63,2,93,4,96,0,Starlin,Castro
cecchga02,SS,0,NYM,NL,32,16,2,0,1,4,7,0,19,1,19,1,Gavin,Cecchini
cecilda01,OF,1,TOR,AL,3,2,1,0,1,0,3,0,0,0,0,0,Darrell,Ceciliani
centeju01,C,6,HOU,AL,22,12,0,0,2,4,4,0,12,0,12,0,Juan,Centeno
cervefr01,1B,0,PIT,NL,81,66,13,2,5,32,31,0,65,6,66,2,Francisco,Cervelli
cespeyo01,OF,5,NYM,NL,81,85,17,2,17,26,42,0,61,2,63,1,Yoenis,Cespedes
chiriro01,C,1,TEX,AL,88,67,13,1,17,34,38,1,79,10,80,0,Robinson,Chirinos
chiselo01,1B,0,CLE,AL,82,68,17,1,12,25,53,2,55,3,58,2,Lonnie,Chisenhall
choiji01,1B,1,NYY,AL,6,4,1,0,2,2,5,0,5,0,6,0,Ji-Man,Choi
choosh01,OF,3,TEX,AL,149,142,20,1,22,77,78,12,134,7,139,3,Shin-Soo,Choo
coghlch01,2B,1,TOR,AL,36,15,2,0,1,9,5,0,22,2,23,0,Chris,Coghlan
collity01,OF,1,DET,AL,49,29,4,1,5,18,14,0,55,0,56,4,Tyler,Collins
colonch01,2B,0,MIA,NL,17,5,1,0,0,4,0,0,7,0,7,0,Christian,Colon
confomi01,OF,3,NYM,NL,109,104,20,1,27,57,68,2,113,8,115,0,Michael,Conforto
contrwi01,1B,0,CHC,NL,117,104,21,0,21,45,74,5,98,3,100,4,Willson,Contreras
correca01,SS,14,HOU,AL,109,133,25,1,24,53,84,2,92,2,96,1,Carlos,Correa
cowarka01,1B,0,LAA,AL,50,23,5,1,3,10,11,4,28,3,28,2,Kaleb,Cowart
cozarza01,SS,10,CIN,NL,122,130,24,7,24,62,63,3,78,3,82,0,Zack,Cozart
crawfbr01,SS,11,SFG,NL,144,131,34,1,14,42,77,3,113,1,122,5,Brandon,Crawford
croncj01,1B,6,LAA,AL,100,84,14,1,16,22,56,3,96,7,99,2,"C. J.",Cron
cruzne02,OF,1,SEA,AL,155,160,28,0,39,70,119,1,140,12,147,1,Nelson,Cruz
culbech01,2B,1,LAD,NL,15,2,1,0,0,2,1,0,4,0,4,0,Charlie,Culberson
cuthbch01,3B,16,KCR,AL,58,33,7,0,2,9,18,0,39,0,40,0,Cheslor,Cuthbert
darnach01,2B,1,SDP,NL,22,7,2,0,1,2,3,5,17,0,17,1,Chase,d'Arnaud
darnatr01,C,1,NYM,NL,112,85,19,1,16,23,57,0,59,2,62,0,Travis,d'Arnaud
davisch02,1B,10,BAL,AL,128,98,15,1,26,61,61,1,195,3,199,1,Chris,Davis
daviskh01,OF,5,OAK,AL,153,140,28,1,43,73,110,4,195,6,202,0,Khris,Davis
davisra01,OF,5,OAK,AL,100,70,17,2,5,26,18,26,70,0,71,6,Rajai,Davis
deazaal01,OF,2,WSN,NL,28,12,2,3,0,3,9,1,16,0,18,0,Alejandro,"De Aza"
deckeja01,OF,0,OAK,AL,17,10,1,1,0,8,1,1,17,1,17,1,Jaff,Decker
dendema01,OF,0,DET,AL,4,1,0,0,0,1,0,0,4,0,4,0,Matt,"den Dekker"
descada01,1B,3,ARI,NL,130,80,16,5,10,48,51,4,89,4,91,0,Daniel,Descalso
deshide02,OF,3,TEX,AL,120,101,15,2,6,44,22,29,109,3,113,8,Delino,DeShields
desmoia01,OF,12,COL,NL,95,93,11,1,7,24,40,15,87,4,91,4,Ian,Desmond
diazal02,2B,0,STL,NL,79,74,17,0,7,13,20,4,42,0,43,1,Aledmys,Diaz
diazel01,C,0,PIT,NL,64,42,14,0,1,11,19,1,38,0,39,0,Elias,Diaz
dickeco01,OF,2,TBR,AL,150,166,33,4,27,35,62,4,152,3,154,3,Corey,Dickerson
dietrde01,1B,0,MIA,NL,135,101,22,5,13,36,53,0,98,18,102,1,Derek,Dietrich
difowi01,2B,1,WSN,NL,124,90,10,4,5,24,21,10,74,1,77,1,Wilmer,Difo
donaljo02,3B,14,TOR,AL,113,112,21,0,33,76,78,2,111,3,113,2,Josh,Donaldson
doziebr01,2B,8,MIN,AL,152,167,30,4,34,78,93,16,141,8,143,7,Brian,Dozier
drewst01,2B,3,WSN,NL,46,24,7,0,1,8,17,0,21,0,24,0,Stephen,Drew
drurybr01,1B,0,ARI,NL,135,119,37,2,13,28,63,1,103,5,105,1,Brandon,Drury
dudalu01,1B,3,TBR,AL,52,30,7,0,13,23,27,0,62,4,64,0,Lucas,Duda
duvalad01,1B,0,CIN,NL,157,146,37,3,31,39,99,5,170,10,181,3,Adam,Duvall
dysonja01,OF,2,SEA,AL,111,87,13,3,5,28,30,28,55,10,57,7,Jarrod,Dyson
eatonad02,OF,5,WSN,NL,23,27,7,1,2,14,13,3,18,1,19,1,Adam,Eaton
eibnebr01,OF,0,LAD,NL,17,6,0,0,2,2,6,0,17,1,17,0,Brett,Eibner
ellisaj01,C,1,MIA,NL,51,30,5,0,6,12,14,0,29,6,29,0,"A. J.",Ellis
ellsbja01,OF,3,NYY,AL,112,94,20,4,7,41,39,22,63,5,63,3,Jacoby,Ellsbury
encared01,1B,2,CLE,AL,157,143,20,1,38,104,107,2,133,5,138,0,Edwin,Encarnacion
escobal02,SS,14,KCR,AL,162,150,36,5,6,15,54,4,102,4,106,7,Alcides,Escobar
escobed01,2B,0,MIN,AL,129,116,16,5,21,33,73,5,98,5,101,1,Eduardo,Escobar
escobyu01,3B,19,LAA,AL,89,96,20,1,7,29,31,1,51,2,51,4,Yunel,Escobar
espinda01,SS,18,LAA,AL,77,37,8,0,6,19,29,3,91,4,93,5,Danny,Espinosa
ethiean01,OF,0,LAD,NL,22,8,1,0,2,4,3,0,10,0,10,0,Andre,Ethier
feathta01,2B,0,TBR,AL,17,7,1,0,2,5,6,1,15,1,17,0,Taylor,Featherston
federti01,C,1,SFG,NL,13,3,0,0,2,1,3,0,4,0,4,0,Tim,Federowicz
flahery01,1B,0,BAL,AL,23,8,1,0,0,4,4,0,10,1,10,0,Ryan,Flaherty
florera02,1B,0,LAA,AL,3,1,0,0,0,0,1,0,1,0,2,0,Ramon,Flores
florewi01,1B,1,NYM,NL,110,91,17,1,18,17,52,1,54,3,60,1,Wilmer,Flores
floripe01,2B,0,PHI,NL,15,16,4,1,0,3,6,0,16,0,16,0,Pedro,Florimon
flowety01,C,3,ATL,NL,99,89,16,0,12,31,49,0,82,20,84,1,Tyler,Flowers
forsylo01,2B,9,LAD,NL,119,81,19,0,6,69,36,3,109,4,114,2,Logan,Forsythe
fowlede01,OF,4,STL,NL,118,111,22,9,18,63,64,7,101,4,105,3,Dexter,Fowler
francma02,3B,13,PHI,NL,154,132,29,1,24,41,76,0,95,2,100,0,Maikel,Franco
frankni01,1B,0,LAA,AL,13,3,1,0,0,5,2,0,3,1,3,0,Nick,Franklin
fraziad01,2B,3,PIT,NL,121,112,20,6,6,36,53,9,57,8,60,5,Adam,Frazier
frazito01,1B,1,CHW,AL,81,58,15,0,16,48,44,4,71,4,74,3,Todd,Frazier
freemfr01,1B,5,ATL,NL,117,135,35,2,28,65,71,8,95,7,97,5,Freddie,Freeman
freemmi01,OF,0,LAD,NL,4,0,0,0,0,0,0,0,2,0,2,0,Mike,Freeman
freesda01,1B,3,PIT,NL,130,112,16,0,10,58,52,0,116,15,120,1,David,Freese
fryerer01,C,0,STL,NL,34,11,3,0,0,11,3,0,18,1,18,0,Eric,Fryer
fuentre01,OF,1,ARI,NL,64,32,1,2,3,8,9,4,35,0,35,1,Reymond,Fuentes
gallojo01,1B,1,TEX,AL,145,94,18,3,41,75,80,7,196,8,196,2,Joey,Gallo
galvifr01,SS,8,PHI,NL,162,155,29,6,12,45,61,14,111,4,115,5,Freddy,Galvis
gamelbe01,OF,0,SEA,AL,134,140,27,5,11,36,59,4,122,1,125,1,Ben,Gamel
garciad01,3B,18,ATL,NL,52,41,4,0,5,7,19,4,23,2,24,0,Adonis,Garcia
garciav01,OF,2,CHW,AL,136,171,27,5,18,33,80,5,111,9,112,3,Avisail,Garcia
garcigr01,2B,2,STL,NL,133,61,9,2,2,37,20,2,64,6,65,1,Greg,Garcia
garcile02,OF,0,CHW,AL,87,81,15,2,9,13,33,8,69,8,71,5,Leury,Garcia
gardnbr01,OF,3,NYY,AL,151,157,26,4,21,72,63,23,122,8,125,5,Brett,Gardner
garnedu01,C,1,OAK,AL,19,7,1,0,1,8,3,0,12,0,12,0,Dustin,Garneau
gattiev01,C,2,HOU,AL,84,79,22,0,12,18,55,0,50,4,53,1,Evan,Gattis
gearrco01,OF,0,SFG,NL,66,0,0,0,0,0,0,0,2,0,2,0,Cory,Gearrin
gennesc01,2B,14,CIN,NL,141,136,22,3,27,30,97,3,114,4,116,2,Scooter,Gennett
gentrcr01,OF,1,BAL,AL,77,26,5,1,2,11,11,5,24,1,25,4,Craig,Gentry
giavojo01,2B,5,BAL,AL,7,1,0,0,0,0,0,1,4,0,4,0,Johnny,Giavotella
gillaco01,1B,0,SFG,NL,44,13,4,0,2,5,8,0,10,1,11,0,Conor,Gillaspie
gimench01,1B,0,MIN,AL,74,41,9,0,7,33,16,1,60,4,60,0,Chris,Gimenez
goinsry01,1B,0,TOR,AL,143,99,21,1,9,31,62,3,96,0,101,2,Ryan,Goins
goldspa01,1B,4,ARI,NL,155,166,34,3,36,94,120,18,147,8,151,5,Paul,Goldschmidt
gomesya01,C,3,CLE,AL,105,79,15,0,14,31,56,0,99,8,101,0,Yan,Gomes
gomezca01,OF,1,TEX,AL,105,94,23,1,17,31,51,13,127,19,132,5,Carlos,Gomez
gonzaad01,1B,2,LAD,NL,71,56,17,0,3,16,30,0,43,0,47,1,Adrian,Gonzalez
gonzaca01,OF,3,COL,NL,136,123,34,0,14,56,57,3,119,2,125,0,Carlos,Gonzalez
gonzaer01,2B,0,CLE,AL,60,28,6,0,4,3,11,1,37,0,38,2,Erik,Gonzalez
gonzama01,1B,6,HOU,AL,134,138,34,0,23,49,90,8,99,6,101,3,Marwin,Gonzalez
goodwbr01,OF,0,WSN,NL,74,63,21,1,13,23,30,6,69,1,72,0,Brian,Goodwin
gordoal01,OF,2,KCR,AL,148,99,20,2,9,45,45,7,126,14,130,4,Alex,Gordon
gordode01,2B,7,MIA,NL,158,201,20,9,2,25,33,60,93,10,97,16,Dee,Gordon
gorete01,OF,0,KCR,AL,12,0,0,0,0,1,0,2,2,0,2,2,Terrance,Gore
gosewtu01,C,1,SEA,AL,11,2,0,0,0,1,0,0,14,0,14,0,Tuffy,Gosewisch
gosseph01,1B,0,TEX,AL,12,1,1,0,0,0,0,0,3,0,3,0,Philip,Gosselin
gourryu01,1B,0,HOU,AL,139,158,43,1,18,22,75,3,62,7,68,2,Yulieski,Gurriel
grandcu01,OF,0,LAD,NL,36,18,2,0,7,18,12,2,33,2,33,0,Curtis,Granderson
grandya01,1B,0,LAD,NL,129,108,27,0,22,40,58,0,130,0,133,1,Yasmani,Grandal
grateju01,C,0,LAA,AL,48,17,4,0,0,1,10,0,13,0,15,0,Juan,Graterol
greengr01,2B,2,WSN,NL,2,0,0,0,0,0,0,0,2,0,2,0,Grant,Green
gregodi01,SS,15,NYY,AL,136,153,27,0,25,25,87,3,70,3,77,1,Didi,Gregorius
grichra01,OF,1,STL,NL,122,98,25,3,22,26,59,6,133,2,135,1,Randal,Grichuk
grossro01,OF,8,MIN,AL,119,94,22,1,9,67,45,3,79,3,81,1,Robbie,Grossman
gutiefr01,OF,0,LAD,NL,35,13,3,0,1,7,8,0,16,0,16,1,Franklin,Gutierrez
guyerbr01,OF,3,CLE,AL,70,39,7,1,2,15,20,2,43,8,45,0,Brandon,Guyer
gyorkje01,1B,0,STL,NL,125,116,21,2,20,47,67,6,105,1,112,2,Jedd,Gyorko
hamilbi02,OF,3,CIN,NL,139,144,17,11,4,44,38,59,133,0,135,13,Billy,Hamilton
hanigmi01,OF,1,SEA,AL,96,104,25,2,16,31,47,5,93,9,93,4,Mitch,Haniger
hanigry01,C,0,COL,NL,33,27,2,0,2,8,12,0,26,1,27,0,Ryan,Hanigan
hansoal01,2B,2,PIT,NL,37,11,0,2,0,2,1,2,9,0,9,1,Alen,Hanson
hardyjj01,SS,6,BAL,AL,73,55,13,1,4,12,24,0,48,1,48,1,"J. J.",Hardy
harpebr03,OF,2,WSN,NL,111,134,27,1,29,68,87,4,99,1,102,2,Bryce,Harper
harrijo05,2B,7,PIT,NL,128,132,26,2,16,28,47,12,90,23,93,4,Josh,Harrison
hazelje01,OF,4,ARI,NL,41,18,2,2,2,9,10,1,20,0,20,0,Jeremy,Hazelbaker
headlch01,3B,10,NYY,AL,147,140,30,1,12,60,61,9,132,6,139,2,Chase,Headley
healyry01,3B,9,OAK,AL,149,156,29,0,25,23,78,0,142,4,144,1,Ryon,Healy
hechaad01,SS,13,TBR,AL,77,68,12,4,7,12,24,4,58,1,60,1,Adeiny,Hechavarria
hedgeau01,C,1,SDP,NL,120,83,17,0,18,23,55,4,122,3,125,1,Austin,Hedges
heisech01,OF,0,WSN,NL,38,12,3,1,1,5,5,0,22,0,22,0,Chris,Heisey
heredgu01,OF,1,SEA,AL,123,96,16,0,6,27,24,1,64,11,65,5,Guillermo,Heredia
hernace02,2B,12,PHI,NL,128,150,26,6,9,61,34,15,104,4,105,5,Cesar,Hernandez
hernaen02,2B,0,LAD,NL,140,64,24,2,11,41,37,3,80,0,83,0,Enrique,Hernandez
hernago01,OF,0,SFG,NL,128,79,20,1,0,31,22,12,73,3,75,4,Gorkys,Hernandez
hernama02,2B,1,BOS,AL,21,16,3,0,0,1,2,0,15,1,15,1,Marco,Hernandez
hernate01,OF,2,TOR,AL,26,23,6,0,8,6,20,0,36,0,37,1,Teoscar,Hernandez
herreod01,OF,9,PHI,NL,138,148,42,3,14,31,56,8,126,4,128,5,Odubel,Herrera
herrmch01,1B,0,ARI,NL,106,41,7,0,10,29,27,5,67,0,68,0,Chris,Herrmann
heywaja01,OF,2,CHC,NL,126,112,15,4,11,41,59,4,67,3,69,4,Jason,Heyward
hicksaa01,OF,1,NYY,AL,88,80,18,0,15,51,52,10,67,3,72,5,Aaron,Hicks
hicksjo02,1B,0,DET,AL,60,46,12,0,6,13,22,2,51,3,52,1,John,Hicks
hillaa01,2B,0,SFG,NL,34,9,2,1,1,11,7,0,13,0,14,0,Aaron,Hill
holadbr01,C,0,DET,AL,13,7,2,0,0,0,2,0,1,0,1,0,Bryan,Holaday
hollima01,1B,0,NYY,AL,105,86,18,0,19,46,64,1,114,3,119,0,Matt,Holliday
holtbr01,2B,0,BOS,AL,64,28,6,0,0,19,7,2,34,3,36,1,Brock,Holt
hosmeer01,1B,6,KCR,AL,162,192,31,1,25,66,94,6,104,0,106,1,Eric,Hosmer
hoyinja01,OF,1,TEX,AL,36,16,3,0,1,4,7,3,23,0,24,0,Jared,Hoying
hundlni01,C,7,SFG,NL,101,70,23,0,9,12,35,0,81,0,83,0,Nick,Hundley
iannech01,C,5,ARI,NL,89,69,19,0,17,37,43,0,87,6,88,0,Chris,Iannetta
iglesjo01,SS,5,DET,AL,130,118,33,1,6,21,54,7,65,1,66,4,Jose,Iglesias
inciaen01,OF,4,ATL,NL,157,201,27,5,11,49,57,22,94,0,98,9,Ender,Inciarte
jacksau01,OF,2,CLE,AL,85,89,19,3,7,33,35,3,64,1,68,1,Austin,Jackson
janispa01,3B,0,BAL,AL,14,2,0,0,0,1,3,0,6,0,6,0,Paul,Janish
jankotr01,OF,1,SDP,NL,27,14,2,0,0,9,1,4,28,1,28,0,Travis,Jankowski
jasojo01,1B,5,PIT,NL,126,54,19,0,10,40,35,1,66,5,67,1,John,Jaso
jayjo02,OF,1,CHC,NL,141,112,18,3,2,37,34,6,80,12,82,2,Jon,Jay
johnsmi04,2B,0,ATL,NL,18,2,0,0,0,0,0,1,4,0,4,0,Micah,Johnson
jonesad01,OF,2,BAL,AL,147,170,28,1,26,27,73,2,113,7,116,1,Adam,Jones
jonesja07,3B,0,DET,AL,56,24,3,1,3,9,13,6,65,4,65,2,JaCoby,Jones
josepca01,1B,0,BAL,AL,89,65,14,1,8,10,28,0,72,1,72,0,Caleb,Joseph
josepto01,1B,7,PHI,NL,142,119,27,1,22,33,69,1,129,2,132,0,Tommy,Joseph
joycema01,OF,0,OAK,AL,141,114,33,0,25,66,68,4,113,2,120,1,Matthew,Joyce
judgeaa01,OF,1,NYY,AL,155,154,24,3,52,127,114,9,208,5,212,4,Aaron,Judge
kellyca02,C,0,STL,NL,34,12,3,0,0,5,6,0,11,1,11,0,Carson,Kelly
kellyty01,1B,0,NYM,NL,1,0,0,0,0,0,0,0,1,0,1,0,Ty,Kelly
kempma01,OF,2,ATL,NL,115,121,23,1,19,27,64,0,99,0,100,2,Matt,Kemp
kempto01,2B,1,HOU,AL,17,8,1,0,0,1,4,1,5,1,5,0,Tony,Kemp
kendrho01,1B,1,WSN,NL,52,48,8,2,7,11,25,4,38,2,39,2,Howie,Kendrick
keplema01,1B,0,MIN,AL,147,124,32,2,19,47,69,6,114,6,117,1,Max,Kepler
kiermke01,OF,2,TBR,AL,98,105,15,3,15,31,39,16,99,5,100,7,Kevin,Kiermaier
kimhy01,OF,0,PHI,NL,40,20,4,1,0,10,4,0,19,0,19,0,"Hyun Soo",Kim
kinslia01,2B,9,DET,AL,139,130,25,3,22,55,52,14,86,7,86,5,Ian,Kinsler
kipnija01,2B,12,CLE,AL,90,78,25,0,12,28,35,6,71,2,76,2,Jason,Kipnis
kivlepa01,OF,2,CIN,NL,115,37,5,1,9,22,26,1,61,3,62,2,Patrick,Kivlehan
kratzer01,C,1,NYY,AL,4,2,1,0,0,0,2,0,0,0,0,0,Erik,Kratz
lagarju01,OF,1,NYM,NL,94,63,16,2,3,14,15,7,56,3,57,3,Juan,Lagares
lamarry01,OF,0,OAK,AL,3,0,0,0,0,1,0,0,3,0,3,0,Ryan,LaMarre
lambja01,3B,20,ARI,NL,149,133,30,4,30,87,105,6,152,7,157,4,Jake,Lamb
lasteto01,2B,1,CHC,NL,73,36,8,0,5,20,22,0,18,2,20,0,Tommy,"La Stella"
lemahdj01,2B,6,COL,NL,155,189,28,4,8,59,64,6,90,6,95,5,DJ,LeMahieu
leonsa01,C,1,BOS,AL,85,61,14,0,7,25,39,0,74,1,77,0,Sandy,Leon
lindad01,1B,5,WSN,NL,116,81,14,0,14,28,59,1,47,0,53,0,Adam,Lind
lindofr01,SS,12,CLE,AL,159,178,44,4,33,60,89,15,93,4,96,3,Francisco,Lindor
lobatjo01,C,1,WSN,NL,51,24,3,0,4,14,11,0,35,1,36,0,Jose,Lobaton
longoev01,3B,9,TBR,AL,156,160,36,2,20,46,86,6,109,6,121,1,Evan,Longoria
lopezra02,1B,0,TOR,AL,24,12,1,0,4,7,12,0,21,0,22,0,Rafael,Lopez
lowrije01,2B,6,OAK,AL,153,157,49,3,14,73,69,0,100,2,103,1,Jed,Lowrie
lucrojo01,1B,0,TEX,AL,77,68,15,0,4,19,27,1,32,4,34,0,Jonathan,Lucroy
machadi01,2B,0,DET,AL,73,43,5,1,1,10,11,1,32,1,34,0,Dixon,Machado
machama01,3B,7,BAL,AL,156,163,33,1,33,50,95,9,115,1,124,4,Manny,Machado
mahtomi01,OF,0,DET,AL,109,96,15,6,12,23,38,6,79,6,81,0,Mikie,Mahtook
mailelu01,1B,0,TOR,AL,46,19,5,0,2,3,7,1,35,2,36,0,Luke,Maile
maldoma01,C,7,LAA,AL,138,95,19,1,14,15,38,0,119,18,120,2,Martin,Maldonado
margoma01,OF,0,SDP,NL,126,128,18,7,13,35,39,17,106,2,110,7,Manuel,Margot
marisja01,OF,1,HOU,AL,106,56,10,0,16,20,35,9,90,6,91,4,Jake,Marisnick
markani01,1B,0,ATL,NL,160,163,39,1,8,68,76,0,110,6,113,2,Nick,Markakis
marrede01,2B,1,BOS,AL,71,36,9,0,4,12,27,5,61,0,63,0,Deven,Marrero
marteje01,1B,2,LAA,AL,45,22,5,0,4,13,14,1,34,4,35,0,Jefry,Marte
marteke01,SS,21,ARI,NL,73,58,11,2,5,29,18,3,37,1,39,1,Ketel,Marte
martest01,OF,4,PIT,NL,77,85,7,2,7,20,31,21,63,8,65,4,Starling,Marte
martijd02,OF,6,ARI,NL,62,70,13,1,29,24,65,2,74,0,75,0,"J. D.",Martinez
martijo08,1B,0,STL,NL,106,84,13,1,14,32,46,4,60,0,62,0,Jose,Martinez
martile01,OF,3,CHC,NL,15,2,1,0,0,3,1,1,4,0,4,0,Leonys,Martin
martimi02,2B,1,TBR,AL,13,2,0,0,0,3,0,0,10,0,10,0,Michael,Martinez
martiru01,2B,0,TOR,AL,91,68,12,0,13,50,35,1,83,7,83,2,Russell,Martin
martivi01,1B,0,DET,AL,107,100,16,0,10,36,47,0,63,5,65,0,Victor,Martinez
mathije01,C,3,ARI,NL,60,40,10,2,2,14,11,1,61,2,61,0,Jeff,Mathis
mauerjo01,1B,2,MIN,AL,141,160,36,1,7,66,71,2,83,3,86,1,Joe,Mauer
maxwebr01,C,1,OAK,AL,76,52,12,0,3,31,22,0,63,0,65,0,Bruce,Maxwell
maybica01,OF,4,HOU,AL,21,11,1,1,4,3,13,4,16,0,16,3,Cameron,Maybin
mazarno01,OF,2,TEX,AL,148,140,30,2,20,55,101,2,127,4,130,2,Nomar,Mazara
mccanbr01,1B,0,HOU,AL,97,84,12,1,18,38,62,1,58,7,63,0,Brian,McCann
mccanja02,C,4,DET,AL,106,89,14,2,13,26,49,1,89,9,92,0,James,McCann
mccutan01,OF,3,PIT,NL,156,159,30,2,28,73,88,11,116,4,119,5,Andrew,McCutchen
mercejo03,SS,9,PIT,NL,145,128,24,5,14,51,58,0,88,3,90,4,Jordy,Mercer
merriwh01,1B,0,KCR,AL,145,169,32,6,19,29,78,34,88,6,95,8,Whit,Merrifield
mesorde01,C,1,CIN,NL,56,30,5,1,6,18,14,1,38,5,39,0,Devin,Mesoraco
middlwi01,3B,0,TEX,AL,22,8,2,2,0,1,3,0,14,0,14,0,Will,Middlebrooks
millebr02,1B,4,TBR,AL,110,68,13,3,9,63,40,5,110,2,114,3,Brad,Miller
millesh01,OF,0,ARI,NL,4,0,0,0,0,2,0,0,3,1,3,0,Shelby,Miller
molinya01,1B,0,STL,NL,136,137,27,1,18,28,82,9,74,4,83,4,Yadier,Molina
moncayo01,3B,1,CHW,AL,54,46,8,2,8,29,22,3,74,3,74,2,Yoan,Moncada
mondera02,2B,3,KCR,AL,25,9,1,0,1,3,3,5,22,0,22,2,Raul,Mondesi
montemi01,C,7,TOR,AL,32,12,3,0,2,12,8,0,23,1,24,0,Miguel,Montero
moralke01,1B,0,TOR,AL,150,139,25,0,28,43,85,0,132,5,135,0,Kendrys,Morales
moranco01,3B,1,HOU,AL,7,4,0,1,1,1,3,0,1,0,1,0,Colin,Moran
morelmi01,1B,2,BOS,AL,149,125,34,0,22,57,79,0,120,6,125,1,Mitch,Moreland
morrilo01,1B,4,TBR,AL,149,126,22,1,38,81,85,2,149,5,152,0,Logan,Morrison
morsemi01,1B,0,SFG,NL,24,7,1,0,1,3,3,0,14,0,15,0,Mike,Morse
mossbr01,1B,4,KCR,AL,118,75,14,0,22,37,50,2,128,0,130,0,Brandon,Moss
motteta01,1B,0,SEA,AL,92,51,12,0,7,21,26,12,62,0,63,1,Taylor,Motter
moustmi01,3B,2,KCR,AL,148,151,24,0,38,34,85,0,94,3,100,0,Mike,Moustakas
murphda08,1B,1,WSN,NL,144,172,43,3,23,52,93,2,77,4,80,0,Daniel,Murphy
murphjr01,C,1,ARI,NL,5,1,1,0,0,0,1,0,1,0,1,0,"J. R.",Murphy
murphto04,C,2,COL,NL,12,1,1,0,0,2,1,0,9,0,9,0,Tom,Murphy
myerswi01,1B,3,SDP,NL,155,138,29,3,30,70,74,20,180,5,187,6,Wil,Myers
napolmi01,1B,13,TEX,AL,124,82,11,1,29,49,66,1,163,7,166,2,Mike,Napoli
naquity01,OF,2,CLE,AL,19,8,2,0,0,2,1,0,9,0,10,1,Tyler,Naquin
narvaom01,C,2,CHW,AL,90,70,10,0,2,38,14,0,45,1,45,0,Omar,Narvaez
navada01,OF,0,PHI,NL,80,55,8,1,4,26,21,1,38,3,40,0,Daniel,Nava
nichobr01,C,0,TEX,AL,21,15,4,0,2,2,11,0,13,0,13,0,Brett,Nicholas
nieuwki01,OF,3,MIL,NL,16,3,1,0,1,4,1,0,15,1,15,0,Kirk,Nieuwenhuis
nimmobr01,OF,1,NYM,NL,69,46,11,1,5,33,21,2,60,2,62,0,Brandon,Nimmo
norride01,1B,0,TBR,AL,53,36,5,0,9,12,24,1,48,3,52,0,Derek,Norris
nunezed02,2B,2,SFG,NL,76,93,21,0,4,12,31,18,29,1,31,5,Eduardo,Nunez
odorro01,2B,22,TEX,AL,162,124,21,3,30,32,75,15,162,8,166,6,Rougned,Odor
olsonma02,1B,0,OAK,AL,59,49,2,0,24,22,45,0,60,5,60,0,Matt,Olson
orlanpa01,OF,4,KCR,AL,39,17,3,0,2,1,6,1,20,2,20,1,Paulo,Orlando
owingch01,2B,0,ARI,NL,97,97,25,1,12,17,51,12,87,1,91,2,Chris,Owings
ozunama01,OF,5,MIA,NL,159,191,30,2,37,64,124,1,144,0,146,3,Marcell,Ozuna
panikjo01,2B,5,SFG,NL,138,147,28,5,10,46,53,4,54,5,62,1,Joe,Panik
parkeja03,OF,0,SFG,NL,51,41,12,2,4,10,23,2,54,1,54,1,Jarrett,Parker
parrage01,1B,0,COL,NL,115,121,24,1,10,20,71,2,67,4,76,5,Gerardo,Parra
pearcst01,1B,3,TOR,AL,92,79,17,1,13,27,37,0,68,5,71,0,Steve,Pearce
pederjo01,OF,2,LAD,NL,102,58,20,0,11,39,35,4,68,10,69,3,Joc,Pederson
pedrodu01,2B,6,BOS,AL,105,119,19,0,7,49,62,4,48,2,52,3,Dustin,Pedroia
penafr01,C,0,BAL,AL,5,5,0,0,2,0,2,0,3,0,3,0,Francisco,Pena
pencehu01,OF,0,SFG,NL,134,128,13,5,13,40,67,2,102,2,106,3,Hunter,Pence
pennicl01,1B,0,LAA,AL,87,49,6,0,3,16,21,3,58,1,63,1,Cliff,Pennington
peralda01,OF,0,ARI,NL,140,154,31,3,14,43,57,8,94,6,97,4,David,Peralta
peraljh01,3B,4,STL,NL,21,11,0,0,0,4,0,0,13,0,13,0,Jhonny,Peralta
perazjo01,2B,1,CIN,NL,143,126,9,4,5,20,37,23,70,7,71,8,Jose,Peraza
perezca02,1B,0,LAA,AL,11,2,0,0,1,1,3,0,6,0,6,0,Carlos,Perez
perezhe01,1B,0,MIL,NL,136,112,19,3,14,20,51,13,79,0,83,4,Hernan,Perez
perezro02,C,2,CLE,AL,73,45,12,0,8,26,38,0,71,0,72,1,Roberto,Perez
perezsa02,1B,0,KCR,AL,129,126,24,1,27,17,80,1,95,5,100,0,Salvador,Perez
peterja01,2B,11,ATL,NL,89,40,9,2,2,27,17,3,48,1,48,0,Jace,Peterson
phamth01,OF,0,STL,NL,128,136,22,2,23,71,73,25,117,10,120,7,Tommy,Pham
phegljo01,C,0,OAK,AL,57,30,11,0,3,9,10,0,26,2,27,1,Josh,Phegley
phillbr01,2B,14,LAA,AL,24,26,7,0,2,2,8,1,16,0,16,0,Brandon,Phillips
pillake01,OF,6,TOR,AL,154,150,37,1,16,33,42,15,95,6,98,6,Kevin,Pillar
pinama01,C,1,MIL,NL,107,92,21,0,9,20,43,2,79,5,82,0,Manny,Pina
pindech01,2B,3,OAK,AL,87,67,15,1,15,18,42,2,92,5,95,1,Chad,Pinder
pireljo01,2B,1,SDP,NL,83,90,25,4,10,27,40,4,71,2,73,3,Jose,Pirela
piscost01,1B,0,STL,NL,107,80,16,1,9,52,39,3,87,5,90,6,Stephen,Piscotty
plaweke01,C,4,NYM,NL,37,26,5,0,3,14,13,1,17,3,18,0,Kevin,Plawecki
plouftr01,1B,1,TBR,AL,42,17,2,0,2,12,5,0,30,1,30,1,Trevor,Plouffe
polangr01,OF,6,PIT,NL,108,95,20,0,11,27,35,8,60,3,61,1,Gregory,Polanco
polanjo01,2B,1,MIN,AL,133,125,30,3,13,41,74,13,78,2,84,5,Jorge,Polanco
polloaj01,OF,0,ARI,NL,112,113,33,6,14,35,49,20,71,6,71,6,"A. J.",Pollock
poseybu01,1B,1,SFG,NL,140,158,34,0,12,61,67,6,66,8,71,1,Buster,Posey
pradoma01,3B,9,MIA,NL,37,35,9,0,2,6,12,0,22,0,23,0,Martin,Prado
preslal01,OF,1,DET,AL,71,77,10,3,3,15,20,5,49,0,49,0,Alex,Presley
profaju01,1B,0,TEX,AL,22,10,2,0,0,9,5,1,14,1,14,1,Jurickson,Profar
puigya01,OF,4,LAD,NL,152,131,24,2,28,64,74,15,100,2,105,6,Yasiel,Puig
pujolal01,1B,2,LAA,AL,149,143,17,0,23,37,101,3,93,2,97,0,Albert,Pujols
raburry01,1B,1,WSN,NL,25,17,1,2,2,4,6,0,25,0,25,1,Ryan,Raburn
ramirha01,1B,4,BOS,AL,133,120,24,0,23,51,62,1,116,6,116,3,Hanley,Ramirez
ramirjo01,2B,1,CLE,AL,152,186,56,6,29,52,83,17,69,3,74,5,Jose,Ramirez
ramoswi01,C,3,TBR,AL,64,54,6,0,11,10,35,0,36,0,39,0,Wilson,Ramos
rasmuco01,OF,0,TBR,AL,37,34,7,1,9,7,23,1,45,0,46,0,Colby,Rasmus
realmjt01,C,10,MIA,NL,141,148,31,5,17,36,65,8,106,8,109,2,"J. T.",Realmuto
reckean01,C,1,ATL,NL,6,1,0,0,0,0,0,0,1,0,1,0,Anthony,Recker
reddijo01,OF,2,HOU,AL,134,150,34,4,13,43,82,7,72,0,84,3,Josh,Reddick
reedaj01,1B,2,HOU,AL,2,0,0,0,0,0,0,0,1,0,1,0,"A. J.",Reed
refsnro01,1B,3,NYY,AL,20,5,1,1,0,3,0,2,8,0,8,0,Rob,Refsnyder
rendoan01,3B,9,WSN,NL,147,153,41,1,25,84,100,7,82,7,88,2,Anthony,Rendon
renfrhu01,OF,2,SDP,NL,122,103,25,1,26,27,58,3,140,6,141,0,Hunter,Renfroe
reverbe01,OF,2,LAA,AL,109,80,13,2,1,15,20,21,25,0,27,6,Ben,Revere
reyesjo01,3B,6,NYM,NL,145,123,25,7,15,50,58,24,79,2,82,6,Jose,Reyes
reynoma01,1B,7,COL,NL,148,139,22,1,30,69,97,2,175,1,178,1,Mark,Reynolds
reynoma03,2B,0,NYM,NL,68,26,1,2,1,14,5,0,37,2,37,1,Matt,Reynolds
rickajo01,OF,0,BAL,AL,111,63,15,0,4,9,19,8,63,4,64,1,Joey,Rickard
riverre01,1B,0,NYM,NL,54,40,4,0,8,9,23,0,54,3,55,1,Rene,Rivera
rivertj01,1B,0,NYM,NL,73,62,13,1,5,9,27,1,32,5,34,0,"T. J.",Rivera
riverya01,2B,2,MIL,NL,1,0,0,0,0,0,0,0,1,0,1,0,Yadiel,Rivera
rizzoan01,1B,6,CHC,NL,157,156,32,3,32,91,109,10,90,24,94,4,Anthony,Rizzo
roberda09,OF,1,CLE,AL,32,18,4,1,1,7,7,0,3,0,3,1,Dan,Robertson
robinsh01,OF,1,LAA,AL,20,6,0,0,0,3,1,2,5,0,6,0,Shane,Robinson
rodrise01,1B,1,ATL,NL,15,6,1,0,2,8,3,1,19,1,19,0,Sean,Rodriguez
rojasmi02,1B,0,MIA,NL,90,79,16,2,1,27,26,2,32,4,34,1,Miguel,Rojas
rominan01,1B,0,DET,AL,124,74,17,2,4,22,25,6,67,4,69,4,Andrew,Romine
rominau01,1B,0,NYY,AL,80,50,9,1,2,16,21,0,57,2,60,0,Austin,Romine
rosalad01,1B,0,ARI,NL,34,17,5,0,3,1,9,0,34,2,35,1,Adam,Rosales
rosaral01,3B,0,STL,NL,3,0,0,0,0,0,0,0,1,0,1,0,Alberto,Rosario
rosared01,OF,4,MIN,AL,151,157,33,2,27,35,78,9,106,0,114,8,Eddie,Rosario
ruary01,1B,1,TEX,AL,63,28,6,0,3,14,12,2,52,0,52,2,Ryan,Rua
ruggiju01,OF,0,SFG,NL,19,13,1,0,2,1,4,1,17,1,18,1,Justin,Ruggiano
ruizca01,C,3,SEA,AL,53,27,8,0,3,14,11,1,38,4,39,0,Carlos,Ruiz
ruizri01,3B,0,ATL,NL,53,29,5,0,4,19,19,1,41,1,44,0,Rio,Ruiz
ruppca01,C,5,PHI,NL,88,64,17,0,14,34,34,1,114,1,115,0,Cameron,Rupp
russead02,SS,14,CHC,NL,110,84,21,3,12,29,43,2,91,4,91,1,Addison,Russell
rutlejo01,2B,0,BOS,AL,37,24,2,1,0,9,9,1,31,2,31,0,Josh,Rutledge
saladty01,1B,0,CHW,AL,79,45,9,2,0,23,10,5,67,3,67,4,Tyler,Saladino
saltaja01,1B,2,TOR,AL,10,1,0,0,0,1,0,0,16,0,16,0,Jarrod,Saltalamacchia
sanchca01,2B,3,CHW,AL,141,129,19,8,12,35,59,8,111,4,115,9,Carlos,Sanchez
sanchga02,C,3,NYY,AL,122,131,20,0,33,40,90,2,120,10,124,1,Gary,Sanchez
sanchhe01,C,0,SDP,NL,75,30,4,0,8,5,25,0,41,0,42,0,Hector,Sanchez
sandopa01,3B,1,BOS,AL,32,21,2,0,4,8,12,0,24,0,25,1,Pablo,Sandoval
sanomi01,3B,15,MIN,AL,114,112,15,2,28,54,77,0,173,4,174,0,Miguel,Sano
santaca01,1B,5,CLE,AL,154,148,37,3,23,88,79,5,94,6,96,1,Carlos,Santana
santada01,2B,0,MIN,AL,13,5,1,0,1,1,1,1,8,0,8,0,Danny,Santana
santado01,OF,2,MIL,NL,151,146,29,0,30,73,85,15,178,6,181,4,Domingo,Santana
sardilu01,1B,0,SDP,NL,29,8,0,0,0,4,1,1,11,0,11,0,Luis,Sardinas
saundmi01,OF,2,TOR,AL,12,3,0,0,0,2,1,0,4,0,4,0,Michael,Saunders
schebsc01,OF,3,CIN,NL,141,110,25,2,30,39,67,5,125,14,130,3,Scott,Schebler
schimry01,2B,6,SDP,NL,53,26,2,0,14,27,25,0,70,3,72,0,Ryan,Schimpf
schoojo01,2B,8,BAL,AL,160,182,35,0,32,35,105,1,142,11,149,0,Jonathan,Schoop
schwaky01,OF,0,CHC,NL,129,89,16,1,30,59,59,1,150,5,150,1,Kyle,Schwarber
seageco01,SS,18,LAD,NL,145,159,33,0,22,67,77,4,131,4,134,2,Corey,Seager
seageky01,3B,22,SEA,AL,154,144,33,1,27,58,88,2,110,8,116,1,Kyle,Seager
segedro01,1B,1,LAD,NL,13,4,2,0,0,0,1,0,7,0,7,0,Rob,Segedin
segurje01,2B,9,SEA,AL,125,157,30,2,11,34,45,22,83,6,84,8,Jean,Segura
selskst01,OF,0,BOS,AL,8,1,1,0,0,0,0,0,5,0,5,0,Steve,Selsky
semiema01,SS,21,OAK,AL,85,85,19,1,10,38,40,12,85,2,88,1,Marcus,Semien
severpe01,C,1,WSN,NL,17,5,1,0,0,2,3,0,10,0,10,0,Pedro,Severino
shawtr01,1B,0,MIL,NL,144,147,34,1,31,60,101,10,138,4,141,0,Travis,Shaw
simmoan01,SS,10,LAA,AL,158,164,38,2,14,47,69,19,67,3,75,6,Andrelton,Simmons
smithke04,C,0,CHW,AL,87,78,17,0,4,9,30,0,46,3,49,0,Kevan,Smith
smithma05,OF,1,TBR,AL,81,69,8,4,2,23,12,16,62,0,63,5,Mallex,Smith
smithse01,OF,1,BAL,AL,111,85,19,0,13,36,32,2,79,6,80,0,Seth,Smith
smoakju01,1B,3,TOR,AL,158,151,29,1,38,73,90,0,128,2,130,1,Justin,Smoak
smolija01,OF,1,OAK,AL,16,7,1,0,0,1,0,0,6,1,6,0,Jake,Smolinski
solarya01,1B,0,SDP,NL,128,119,21,0,18,37,64,3,61,5,65,0,Yangervis,Solarte
solerjo01,OF,1,KCR,AL,35,14,5,0,2,12,6,0,36,1,36,0,Jorge,Soler
sotoge01,1B,1,CHW,AL,13,8,0,0,3,4,9,0,10,1,11,0,Geovany,Soto
souzast01,OF,4,TBR,AL,148,125,21,2,30,84,78,16,179,7,180,4,Steven,Souza
spande01,OF,1,SFG,NL,129,135,31,5,12,40,43,12,69,3,70,7,Denard,Span
spangco01,2B,5,SDP,NL,129,117,18,2,13,34,46,11,128,5,129,3,Cory,Spangenberg
springe01,OF,2,HOU,AL,140,155,29,0,34,64,85,5,111,11,115,7,George,Springer
stallja01,C,0,PIT,NL,5,5,2,0,0,2,3,0,2,0,2,0,Jacob,Stallings
stantmi03,OF,4,MIA,NL,159,168,32,0,59,85,132,2,163,7,166,2,Giancarlo,Stanton
stassma01,C,0,HOU,AL,14,4,1,0,2,6,4,0,4,0,5,0,Max,Stassi
stewach01,1B,0,PIT,NL,51,24,1,2,0,9,4,0,22,1,22,0,Chris,Stewart
storytr01,SS,10,COL,NL,145,120,32,3,24,49,82,7,191,2,192,2,Trevor,Story
stroppe01,OF,0,CHC,NL,65,0,0,0,0,0,0,0,0,0,0,0,Pedro,Strop
stubbdr01,OF,0,SFG,NL,10,2,0,0,0,2,0,0,9,0,9,0,Drew,Stubbs
suareeu01,3B,23,CIN,NL,156,139,25,2,26,84,82,4,147,9,152,5,Eugenio,Suarez
sucreje01,C,0,TBR,AL,62,45,6,0,7,7,29,2,35,3,39,0,Jesus,Sucre
susacan01,C,1,MIL,NL,8,1,0,0,0,0,0,0,6,0,6,0,Andrew,Susac
suzukic01,OF,1,MIA,NL,136,50,6,0,3,17,20,1,35,1,35,1,Ichiro,Suzuki
suzukku01,C,5,ATL,NL,81,78,13,0,19,17,50,0,39,13,41,0,Kurt,Suzuki
swansda01,SS,6,ATL,NL,144,113,23,2,6,59,51,3,120,0,124,3,Dansby,Swanson
swihabl01,C,0,BOS,AL,6,1,0,0,0,2,0,0,3,0,3,0,Blake,Swihart
szczuma01,OF,0,CHC,NL,15,4,1,0,0,2,3,0,4,0,5,0,Matt,Szczur
tapiara01,OF,0,COL,NL,70,46,12,2,2,8,16,5,36,2,36,2,Raimel,Tapia
tayloch03,SS,2,LAD,NL,140,148,34,5,21,50,72,17,142,3,143,4,Chris,Taylor
taylomi02,OF,1,WSN,NL,118,108,23,3,19,29,53,17,137,1,139,7,Michael,Taylor
tejadru01,2B,0,BAL,AL,41,26,6,0,0,8,5,0,15,2,15,0,Ruben,Tejada
telisto01,C,0,MIA,NL,48,25,5,3,0,3,9,0,10,3,11,0,Tomas,Telis
thomptr01,OF,2,LAD,NL,27,6,2,1,1,6,2,0,23,0,23,0,Trayce,Thompson
tolesan01,OF,2,LAD,NL,31,26,3,0,5,5,15,0,16,1,16,1,Andrew,Toles
tomasya01,1B,0,ARI,NL,47,40,11,1,8,13,32,0,50,0,51,0,Yasmany,Tomas
tomlike01,2B,1,SFG,NL,104,50,4,2,1,23,11,9,46,0,49,1,Kelby,Tomlinson
torrero01,2B,0,NYY,AL,108,92,15,1,3,11,36,2,43,1,47,0,Ronald,Torreyes
travide01,2B,11,TOR,AL,50,48,18,0,5,7,24,4,38,2,40,2,Devon,Travis
troutmi01,OF,4,LAA,AL,114,123,25,3,33,94,72,22,90,7,94,4,Mike,Trout
trumbma01,1B,0,BAL,AL,146,131,22,0,23,42,65,1,149,1,150,0,Mark,Trumbo
tulowtr01,SS,9,TOR,AL,66,60,10,0,7,17,26,0,40,1,41,1,Troy,Tulowitzki
turneju01,1B,0,LAD,NL,130,147,32,0,21,59,71,7,56,19,63,1,Justin,Turner
turnetr01,2B,1,WSN,NL,98,117,24,6,11,30,45,46,80,4,81,8,Trea,Turner
uptonju01,OF,4,LAA,AL,27,24,7,0,7,17,15,4,33,0,33,0,Justin,Upton
utleych01,2B,5,LAD,NL,127,73,20,4,8,32,34,6,57,9,59,1,Chase,Utley
valaipa01,2B,0,COL,NL,110,47,11,0,13,7,40,0,53,0,54,0,Pat,Valaika
valbulu01,1B,0,LAA,AL,117,69,15,0,22,48,65,0,106,1,111,2,Luis,Valbuena
valenda01,1B,1,SEA,AL,130,115,19,3,15,40,66,2,122,2,130,2,Danny,Valencia
vanslsc01,1B,1,LAD,NL,29,5,1,0,2,7,3,1,15,0,15,0,Scott,"Van Slyke"
vargake01,1B,1,MIN,AL,78,61,13,0,11,20,41,0,77,2,78,0,Kennys,Vargas
vazquch01,C,2,BOS,AL,99,94,18,2,5,17,32,7,64,3,65,2,Christian,Vazquez
villajo01,2B,0,MIL,NL,122,97,18,1,11,30,40,23,132,0,133,8,Jonathan,Villar
vogelda01,1B,0,SEA,AL,16,6,1,0,0,3,2,0,9,0,9,0,Dan,Vogelbach
vogtst01,1B,0,OAK,AL,54,34,8,1,4,16,20,0,31,0,32,1,Stephen,Vogt
vottojo01,1B,8,CIN,NL,162,179,34,1,36,134,100,5,83,8,89,1,Joey,Votto
walkene01,2B,7,NYM,NL,73,70,13,2,10,27,36,0,47,4,49,1,Neil,Walker
weeksri01,OF,3,TBR,AL,37,21,6,0,2,12,8,1,49,3,49,0,Rickie,Weeks
wendljo01,2B,2,OAK,AL,8,4,1,0,1,1,5,0,3,0,3,0,Joey,Wendle
werthja01,OF,1,WSN,NL,70,57,10,1,10,35,29,4,69,1,70,3,Jayson,Werth
whitety01,1B,4,HOU,AL,22,17,6,0,3,4,10,0,16,1,17,1,Tyler,White
wietema01,C,11,WSN,NL,123,95,20,0,10,38,52,1,94,1,98,0,Matt,Wieters
wolteto01,2B,0,COL,NL,83,55,8,1,0,33,16,0,55,2,55,1,Tony,Wolters
wongko01,2B,8,STL,NL,108,101,27,3,4,41,42,8,60,12,63,2,Kolten,Wong
woodtr01,OF,0,KCR,AL,3,0,0,0,0,0,0,0,0,0,0,0,Travis,Wood
yelicch01,OF,6,MIA,NL,156,170,36,2,18,80,81,16,137,6,143,2,Christian,Yelich
youngch04,OF,0,BOS,AL,90,57,12,2,7,30,25,3,55,2,56,2,Chris,Young
younger03,OF,0,LAA,AL,47,29,5,0,4,5,16,12,31,7,31,3,Eric,Young
zimmery01,1B,4,WSN,NL,144,159,33,0,36,44,108,1,126,3,131,0,Ryan,Zimmerman
zobribe01,1B,0,CHC,NL,128,101,20,3,12,54,50,2,71,2,74,2,Ben,Zobrist
zuninmi01,C,0,SEA,AL,124,97,25,0,25,39,64,1,160,8,161,0,Mike,Zunino
