playerID,teamID,lgID,IP,ER,W,L,SV,K,H,BB,SO,G,B,CG,nameFirst,nameLast
abadfe01,BOS,AL,43,16,2,1,1,37,40,14,0,48,1,0,Fernando,Abad
adlemti01,CIN,NL,122,75,5,11,0,108,124,51,0,30,1,0,Tim,Adleman
alberan01,SEA,AL,41,16,5,1,1,37,43,10,0,9,0,0,Andrew,Albers
alberma01,WSN,NL,61,11,7,2,2,63,35,17,0,63,0,0,Matt,Albers
albural01,CHW,AL,8,1,0,1,0,5,3,2,0,10,0,0,Al,Alburquerque
albural01,KCR,AL,10,4,0,1,0,9,7,6,0,11,0,0,Al,Alburquerque
alcanra01,OAK,AL,24,19,1,2,0,12,22,12,0,8,1,0,Raul,Alcantara
allenco01,CLE,AL,67,22,3,7,30,92,57,21,0,69,0,0,Cody,Allen
almonmi01,KCR,AL,2,3,0,0,0,0,5,2,0,2,0,0,Miguel,Almonte
altavda01,SEA,AL,46,22,1,1,0,52,43,20,0,41,0,0,Dan,Altavilla
alvarda01,TEX,AL,16,5,2,0,0,17,19,14,0,20,1,0,Dario,Alvarez
alvarhe01,PHI,NL,14,7,0,1,0,6,14,11,0,3,1,0,Henderson,Alvarez
alvarjo02,LAA,AL,48,21,0,3,1,45,50,12,0,64,0,0,Jose,Alvarez
anderbr04,TOR,AL,33,19,2,2,0,22,39,9,0,7,0,0,Brett,Anderson
anderbr04,CHC,NL,22,20,2,2,0,16,34,12,0,6,0,0,Brett,Anderson
anderch01,MIL,NL,141,43,12,4,0,133,113,41,0,25,0,0,Chase,Anderson
anderty01,COL,NL,86,46,6,6,0,81,88,26,0,17,2,0,Tyler,Anderson
andrima01,TBR,AL,86,43,5,5,1,76,90,28,0,18,2,0,Matt,Andriese
aokino01,HOU,AL,1,3,0,0,0,0,1,2,0,1,0,0,Nori,Aoki
aquinja01,BAL,AL,13,11,1,2,0,13,15,6,0,4,0,0,Jayson,Aquino
archech01,TBR,AL,201,91,10,12,0,249,193,60,0,34,0,0,Chris,Archer
armstsh01,CLE,AL,24,12,1,0,0,20,23,10,0,21,0,0,Shawn,Armstrong
arrieja01,CHC,NL,168,66,14,10,0,163,150,55,0,30,0,0,Jake,Arrieta
arroybr01,CIN,NL,71,58,3,6,0,45,94,19,0,14,0,0,Bronson,Arroyo
asheral01,BAL,AL,60,35,2,5,0,47,61,23,0,24,0,0,Alec,Asher
avilalu01,LAD,NL,46,15,2,3,0,52,42,22,0,61,0,0,Luis,Avilan
axforjo01,OAK,AL,21,15,0,1,0,21,27,17,0,22,0,0,John,Axford
aybarer01,SDP,NL,1,0,0,0,0,0,0,1,0,2,0,0,Erick,Aybar
baezpe01,LAD,NL,64,21,3,6,0,64,56,29,0,66,1,0,Pedro,Baez
bailean01,LAA,AL,4,0,2,0,0,2,1,0,0,4,0,0,Andrew,Bailey
baileho02,CIN,NL,91,65,6,9,0,67,112,42,0,18,0,0,Homer,Bailey
barbajo01,PIT,NL,28,13,0,1,0,23,25,18,0,24,0,0,Johnny,Barbato
barneda02,TOR,AL,66,26,3,6,0,62,48,24,0,60,0,0,Danny,Barnes
barneja01,MIL,NL,72,32,3,4,2,80,57,33,0,73,0,0,Jacob,Barnes
barnema01,BOS,AL,69,30,7,3,1,83,57,28,0,70,0,0,Matt,Barnes
barneto01,TEX,AL,57,35,2,1,2,57,64,22,0,50,0,0,Tony,Barnette
barraky01,MIA,NL,66,22,6,2,1,76,53,38,0,66,1,0,Kyle,Barraclough
barreja01,ARI,NL,27,15,1,1,0,26,27,15,0,28,0,0,Jake,Barrett
bassan01,TEX,AL,5,9,0,0,0,1,14,0,0,2,0,0,Anthony,Bass
bastaan01,PIT,NL,9,15,0,1,0,8,16,9,0,9,0,0,Antonio,Bastardo
bauertr01,CLE,AL,176,82,17,9,0,196,181,60,0,32,1,0,Trevor,Bauer
baumabu01,SDP,NL,17,5,2,1,0,21,11,7,0,23,0,0,Buddy,Baumann
beatope01,PHI,NL,0,0,0,0,0,1,0,0,0,1,0,0,Pedro,Beato
beckch02,CHW,AL,64,46,2,1,0,42,73,34,0,57,0,0,Chris,Beck
bedroca01,LAA,AL,44,22,6,5,6,53,41,17,0,48,0,0,Cam,Bedrosian
belisma01,MIN,AL,60,27,2,2,9,54,48,22,0,62,1,0,Matt,Belisle
belivje01,TOR,AL,15,13,1,1,0,17,17,6,0,19,0,0,Jeff,Beliveau
benoijo01,PHI,NL,42,19,1,4,2,43,32,16,0,44,0,0,Joaquin,Benoit
benoijo01,PIT,NL,8,7,0,2,0,3,11,6,0,8,0,0,Joaquin,Benoit
bergmch01,SEA,AL,54,30,4,5,0,33,61,15,0,13,0,0,Christian,Bergman
berrijo01,MIN,AL,145,63,14,8,0,139,131,48,0,26,1,0,Jose,Berrios
betande01,NYY,AL,59,19,3,6,10,100,29,44,0,66,1,0,Dellin,Betances
bethach01,SDP,NL,3,6,0,0,0,2,6,8,0,4,0,0,Christian,Bethancourt
bettich01,COL,NL,46,26,2,4,0,30,52,11,0,9,0,0,Chad,Bettis
biagijo01,TOR,AL,119,71,3,13,1,97,125,42,0,44,0,0,Joe,Biagini
blachty01,SFG,NL,163,87,8,12,0,73,179,43,1,34,0,1,Ty,Blach
blairaa01,ATL,NL,3,5,0,1,0,3,5,5,0,1,0,0,Aaron,Blair
blancan01,PHI,NL,0,1,0,0,0,0,1,0,0,1,0,0,Andres,Blanco
blantjo01,WSN,NL,44,28,2,4,0,39,53,13,0,51,0,0,Joe,Blanton
blazemi01,MIL,NL,8,8,0,1,0,7,12,1,0,5,0,0,Michael,Blazek
bleieri01,BAL,AL,63,14,2,1,0,26,62,13,0,57,0,0,Richard,Bleier
blevije01,NYM,NL,49,16,6,0,1,69,43,24,0,75,0,0,Jerry,Blevins
bolsimi01,TOR,AL,41,29,0,3,0,39,48,27,0,11,0,0,Mike,Bolsinger
bonilli01,CIN,NL,36,33,1,3,0,28,42,22,0,10,0,1,Lisalverto,Bonilla
boshebu01,MIN,AL,35,19,1,0,0,28,37,10,0,38,0,0,Buddy,Boshers
bowmama01,STL,NL,58,26,3,6,2,46,52,18,0,75,0,0,Matthew,Bowman
boxbebr01,TBR,AL,29,11,4,4,0,40,23,11,0,30,0,0,Brad,Boxberger
boydma01,DET,AL,135,79,6,11,0,110,157,53,1,26,0,1,Matt,Boyd
boyerbl01,BOS,AL,41,20,1,1,0,33,50,14,0,32,0,0,Blaine,Boyer
brachbr01,BAL,AL,68,24,4,5,18,70,51,26,0,67,1,0,Brad,Brach
brachsi01,ARI,NL,20,13,0,0,0,25,18,7,0,21,0,0,Silvino,Bracho
bradlar01,ARI,NL,73,14,3,3,1,79,55,21,0,63,1,0,Archie,Bradley
brantro01,CHW,AL,1,1,0,0,0,0,1,0,0,1,0,0,Rob,Brantly
braulst01,PIT,NL,34,18,1,0,1,23,41,14,0,11,0,0,Steven,Brault
breslcr01,CLE,AL,4,2,0,0,0,5,3,2,0,7,0,0,Craig,Breslow
breslcr01,MIN,AL,31,18,1,1,0,18,38,12,0,30,0,0,Craig,Breslow
briceau01,CIN,NL,32,18,0,0,0,26,33,7,0,22,0,0,Austin,Brice
bridwpa01,LAA,AL,121,49,10,3,0,73,115,30,0,21,0,0,Parker,Bridwell
brittza01,BAL,AL,37,12,2,1,15,29,39,18,0,38,0,0,Zach,Britton
brothre01,ATL,NL,23,19,4,3,0,33,23,12,0,27,0,0,Rex,Brothers
broxtjo01,STL,NL,15,12,0,1,0,16,23,11,0,20,0,0,Jonathan,Broxton
buchaja01,CIN,NL,14,13,0,0,0,4,24,7,0,5,0,0,Jake,Buchanan
buchhcl01,PHI,NL,7,10,0,1,0,5,16,3,0,2,0,0,Clay,Buchholz
buchtry01,KCR,AL,27,8,1,0,0,18,16,8,0,29,0,0,Ryan,Buchter
buchtry01,SDP,NL,38,13,3,3,1,47,28,18,0,42,1,0,Ryan,Buchter
bumgama01,SFG,NL,111,41,4,9,0,101,101,20,0,17,0,1,Madison,Bumgarner
bundydy01,BAL,AL,169,80,13,9,0,152,152,51,1,28,0,1,Dylan,Bundy
bushma01,TEX,AL,52,22,3,4,10,58,57,19,0,57,0,0,Matt,Bush
butleed01,CHC,NL,54,24,4,3,0,30,50,28,0,13,0,0,Eddie,Butler
cahiltr01,SDP,NL,61,25,4,3,0,72,58,24,0,11,0,0,Trevor,Cahill
cahiltr01,KCR,AL,23,21,0,0,0,15,33,21,0,10,0,0,Trevor,Cahill
cainma01,SFG,NL,124,75,3,11,0,75,157,49,0,27,0,0,Matt,Cain
campole01,TOR,AL,13,4,0,0,0,15,11,8,0,13,0,0,Leonel,Campos
cappsca01,SDP,NL,12,9,0,0,0,7,12,2,0,11,0,0,Carter,Capps
carraca01,CLE,AL,200,73,18,6,0,226,173,46,0,32,0,1,Carlos,Carrasco
cashnan01,TEX,AL,166,63,11,11,0,86,156,64,0,28,1,0,Andrew,Cashner
castrmi01,BAL,AL,66,26,3,3,0,38,53,28,0,39,0,0,Miguel,Castro
castrsi01,OAK,AL,37,18,1,3,0,35,32,14,0,26,0,0,Simon,Castro
cecilbr01,STL,NL,67,29,2,4,1,66,67,16,0,73,0,0,Brett,Cecil
cedenxa01,TBR,AL,3,4,1,1,0,0,7,4,0,9,0,0,Xavier,Cedeno
cervehu01,MIA,NL,4,8,0,0,0,6,1,8,0,5,0,0,Hunter,Cervenka
cessalu01,NYY,AL,36,19,0,3,0,30,36,17,0,10,0,0,Luis,Cessa
chacijh01,SDP,NL,180,78,13,10,0,153,157,72,0,32,1,0,Jhoulys,Chacin
chafian01,ARI,NL,51,20,1,0,0,61,48,21,0,71,1,0,Andrew,Chafin
chapmar01,NYY,AL,50,18,4,3,22,69,37,20,0,52,0,0,Aroldis,Chapman
chatwty01,COL,NL,147,77,8,15,1,120,136,77,1,33,2,1,Tyler,Chatwood
chaveje01,LAA,AL,138,82,7,11,0,119,148,45,0,38,0,0,Jesse,Chavez
chenwe02,MIA,NL,33,14,2,1,0,25,25,9,0,9,0,0,Wei-Yin,Chen
cingrto01,LAD,NL,19,6,0,0,0,28,15,6,0,22,0,0,Tony,Cingrani
cingrto01,CIN,NL,23,14,0,0,0,24,25,6,0,25,0,0,Tony,Cingrani
cishest01,TBR,AL,24,3,2,1,0,26,13,7,0,26,0,0,Steve,Cishek
cishest01,SEA,AL,20,7,1,1,1,15,13,7,0,23,1,0,Steve,Cishek
claibpr01,TEX,AL,2,3,0,0,0,2,5,0,0,1,0,0,Preston,Claiborne
claudal01,TEX,AL,82,23,4,2,11,56,71,15,0,70,3,0,Alex,Claudio
clevimi01,CLE,AL,121,42,12,6,0,137,92,60,0,27,0,0,Mike,Clevinger
clippty01,CHW,AL,10,2,1,1,2,12,8,5,0,11,0,0,Tyler,Clippard
clippty01,NYY,AL,36,20,1,5,1,42,28,19,0,40,0,0,Tyler,Clippard
clippty01,HOU,AL,14,10,0,2,2,18,11,7,0,16,0,0,Tyler,Clippard
cloydty01,SEA,AL,1,0,1,0,0,1,2,0,0,1,0,0,Tyler,Cloyd
cobbal01,TBR,AL,179,73,12,10,0,128,175,44,0,29,1,0,Alex,Cobb
coleaj01,WSN,NL,52,22,3,5,0,44,51,27,0,11,1,0,"A. J.",Cole
colege01,PIT,NL,203,96,12,12,0,196,199,55,0,33,0,0,Gerrit,Cole
collmjo01,ATL,NL,17,17,0,2,0,18,29,6,0,11,0,0,Josh,Collmenter
colomal01,TBR,AL,66,24,2,3,47,58,57,23,0,65,0,0,Alex,Colome
colonba01,ATL,NL,63,57,2,8,0,42,92,20,0,13,0,0,Bartolo,Colon
colonba01,MIN,AL,80,46,5,6,0,47,100,15,0,15,1,1,Bartolo,Colon
conlead01,MIA,NL,102,70,8,8,0,72,114,42,0,22,0,0,Adam,Conley
corbipa01,ARI,NL,189,85,14,13,0,178,208,61,0,33,0,0,Patrick,Corbin
cosarja01,SDP,NL,24,13,0,2,0,15,26,19,0,7,1,0,Jarred,Cosart
cottojh01,OAK,AL,129,80,9,10,0,105,133,53,0,24,2,0,Jharel,Cotton
couloda01,OAK,AL,51,20,2,2,0,39,46,22,0,72,0,0,Daniel,Coulombe
crockky01,CLE,AL,1,2,0,0,0,2,4,1,0,4,0,0,Kyle,Crockett
cuetojo01,SFG,NL,147,74,8,8,0,136,160,53,0,25,1,0,Johnny,Cueto
cuevawi01,DET,AL,0,4,0,0,0,1,3,0,0,1,0,0,William,Cuevas
curtiza01,PHI,NL,3,1,0,0,0,4,3,2,0,3,0,0,Zac,Curtis
curtiza01,SEA,AL,4,0,0,0,0,2,3,1,0,3,0,0,Zac,Curtis
danisty01,CHW,AL,5,0,1,0,0,6,3,6,0,1,0,0,Tyler,Danish
darviyu01,LAD,NL,49,19,4,3,0,61,44,13,0,9,0,0,Yu,Darvish
darviyu01,TEX,AL,137,61,6,9,0,148,115,45,0,22,1,0,Yu,Darvish
daviswa01,CHC,NL,58,15,4,2,32,79,39,28,0,59,0,0,Wade,Davis
daytogr01,LAD,NL,23,13,1,1,0,20,19,12,0,29,0,0,Grant,Dayton
degroja01,NYM,NL,201,79,15,10,0,239,180,59,0,31,0,1,Jacob,deGrom
delarru01,ARI,NL,7,4,0,1,0,12,7,4,0,9,1,0,Rubby,"De La Rosa"
deleojo03,TBR,AL,2,3,1,0,0,2,4,3,0,1,0,0,Jose,"De Leon"
delgara01,ARI,NL,62,25,1,2,1,60,60,14,0,26,0,0,Randall,Delgado
dermoma01,TOR,AL,22,11,2,0,0,15,23,5,0,23,0,0,Matt,Dermody
descada01,ARI,NL,2,0,0,0,0,0,0,0,0,2,0,0,Daniel,Descalso
despaod01,MIA,NL,58,26,2,3,1,31,57,24,0,18,0,0,Odrisamer,Despaigne
devench02,HOU,AL,80,24,8,5,4,100,50,26,0,62,0,0,Chris,Devenski
diazda01,HOU,AL,13,13,1,1,0,20,17,4,0,10,0,0,Dayan,Diaz
diazed04,SEA,AL,66,24,4,6,34,89,44,32,0,66,1,0,Edwin,Diaz
diazja01,COL,NL,5,5,0,0,0,2,12,5,0,4,0,0,Jairo,Diaz
diazju03,TBR,AL,30,19,1,4,0,28,32,15,0,31,0,0,Jumbo,Diaz
diekmja01,TEX,AL,10,3,0,0,1,13,4,10,0,11,0,0,Jake,Diekman
doolise01,OAK,AL,21,8,1,0,3,31,12,2,0,23,0,0,Sean,Doolittle
doolise01,WSN,NL,30,8,1,0,21,31,22,8,0,30,0,0,Sean,Doolittle
drakeol01,MIL,NL,52,26,3,5,1,59,57,22,0,61,1,0,Oliver,Drake
drakeol01,BAL,AL,3,3,0,0,0,3,6,3,0,3,0,0,Oliver,Drake
duensbr01,CHC,NL,62,19,1,1,0,61,58,18,0,68,0,0,Brian,Duensing
duffety01,MIN,AL,71,39,2,3,1,67,79,18,0,56,0,0,Tyler,Duffey
duffyda01,KCR,AL,146,62,9,10,0,130,143,41,0,24,2,0,Danny,Duffy
dukeza01,STL,NL,18,8,1,1,0,12,13,6,0,27,0,0,Zach,Duke
dullry01,OAK,AL,42,24,2,2,0,45,37,16,0,49,0,0,Ryan,Dull
dunnmi01,COL,NL,50,25,5,1,0,57,43,28,0,68,0,0,Mike,Dunn
dysonsa01,SFG,NL,38,17,3,4,14,27,36,18,0,38,1,0,Sam,Dyson
dysonsa01,TEX,AL,16,20,1,6,0,7,31,12,0,17,0,0,Sam,Dyson
edginjo01,NYM,NL,37,15,0,1,1,27,39,18,0,46,1,0,Josh,Edgin
edwarca01,CHC,NL,66,22,5,4,0,94,29,38,0,73,0,0,Carl,Edwards
eflinza01,PHI,NL,64,44,1,5,0,35,79,12,0,11,0,0,Zach,Eflin
eickhje01,PHI,NL,128,67,4,8,0,118,142,53,0,24,1,0,Jerad,Eickhoff
eliasro01,BOS,AL,0,0,0,0,0,1,0,1,0,1,0,0,Roenis,Elias
ellinbr02,MIA,NL,44,36,1,1,0,48,48,35,0,42,0,0,Brian,Ellington
eschja01,SDP,NL,0,0,0,0,0,0,0,2,0,1,0,0,Jake,Esch
estevca01,COL,NL,32,20,5,0,0,31,39,14,0,35,1,0,Carlos,Estevez
estrama01,TOR,AL,186,103,10,9,0,176,186,71,0,33,0,0,Marco,Estrada
familje01,NYM,NL,24,12,2,2,6,25,21,15,0,26,0,0,Jeurys,Familia
farmebu01,DET,AL,48,36,5,5,0,49,55,20,0,11,0,0,Buck,Farmer
farquda01,CHW,AL,14,7,2,0,0,12,11,6,0,15,0,0,Danny,Farquhar
farquda01,TBR,AL,35,16,2,2,0,33,28,22,0,37,0,0,Danny,Farquhar
feldmsc01,CIN,NL,111,59,7,7,0,93,116,35,1,21,0,1,Scott,Feldman
felizmi01,HOU,AL,48,30,4,2,0,70,53,22,0,46,0,0,Michael,Feliz
felizne01,KCR,AL,19,10,1,0,0,16,17,8,0,20,0,0,Neftali,Feliz
felizne01,MIL,NL,27,18,1,5,8,21,23,15,0,29,0,0,Neftali,Feliz
ferreje01,DET,AL,9,7,0,0,0,6,17,5,0,11,0,0,Jeff,Ferrell
fieldjo03,LAD,NL,57,18,5,0,2,60,40,15,0,57,1,0,Josh,Fields
fienca01,PHI,NL,6,7,0,1,0,4,14,2,0,4,0,0,Casey,Fien
fienca01,SEA,AL,6,10,0,0,0,6,9,4,0,6,0,0,Casey,Fien
fiersmi01,HOU,AL,153,89,8,10,0,146,157,62,0,29,1,0,Mike,Fiers
finnebr01,CIN,NL,13,6,1,1,0,16,9,13,0,4,0,0,Brandon,Finnegan
fistedo01,BOS,AL,90,49,5,9,0,83,87,38,0,18,1,1,Doug,Fister
florody01,CHC,NL,9,7,0,0,0,6,15,2,0,3,0,0,Dylan,Floro
flynnbr01,KCR,AL,2,1,0,0,0,0,3,0,0,1,0,0,Brian,Flynn
foltymi01,ATL,NL,154,82,10,13,0,143,169,59,0,29,0,0,Mike,Foltynewicz
fontwi01,LAD,NL,3,7,0,0,0,3,7,4,0,3,0,0,Wilmer,Font
freemmi01,SEA,AL,1,1,0,0,0,0,3,0,0,1,0,0,Mike,Freeman
freemsa01,ATL,NL,60,17,2,0,0,59,48,27,0,58,0,0,Sam,Freeman
frierer01,TEX,AL,7,4,0,1,0,5,6,6,0,6,0,0,Ernesto,Frieri
fulmeca01,CHW,AL,23,10,3,1,0,19,16,13,0,7,2,0,Carson,Fulmer
fulmemi01,DET,AL,164,70,10,12,0,114,150,40,0,25,1,1,Michael,Fulmer
gallayo01,SEA,AL,130,83,5,10,1,94,138,60,0,28,0,0,Yovani,Gallardo
gantjo01,STL,NL,17,9,0,1,0,11,17,10,0,7,0,0,John,Gant
garcija01,OAK,AL,59,28,4,5,16,57,58,22,0,63,0,0,Santiago,Casilla
garcija02,MIN,AL,6,3,1,0,0,7,8,3,0,1,0,0,Jaime,Garcia
garcija02,ATL,NL,113,54,4,7,0,85,108,41,0,18,3,0,Jaime,Garcia
garcija02,NYY,AL,37,20,0,3,0,37,41,20,0,8,0,0,Jaime,Garcia
garcilu03,PHI,NL,71,21,2,5,2,60,61,26,0,66,0,0,Luis,Garcia
garcion01,KCR,AL,6,9,0,1,0,2,12,5,0,2,0,0,Onelki,Garcia
gartory01,SEA,AL,11,2,0,0,0,7,5,1,0,13,0,0,Ryan,Garton
gartory01,TBR,AL,10,10,0,1,0,9,13,5,0,7,0,0,Ryan,Garton
garzama01,MIL,NL,114,63,6,9,0,79,121,45,0,24,0,0,Matt,Garza
gausmke01,BAL,AL,186,97,11,12,0,179,208,71,0,34,1,0,Kevin,Gausman
gearrco01,SFG,NL,68,15,4,3,0,64,50,35,0,68,0,0,Cory,Gearrin
geedi01,MIN,AL,36,13,3,2,1,31,37,9,0,14,0,0,Dillon,Gee
geedi01,TEX,AL,13,6,0,0,0,10,17,6,0,4,0,0,Dillon,Gee
gennesc01,CIN,NL,1,2,0,0,0,0,2,1,0,1,0,0,Scooter,Gennett
gibsoky01,MIN,AL,158,89,12,10,0,121,182,60,0,29,0,0,Kyle,Gibson
gileske01,HOU,AL,62,16,1,3,34,83,44,21,0,63,0,0,Ken,Giles
gilmase01,NYM,NL,3,5,0,0,0,4,8,1,0,2,0,0,Sean,Gilmartin
gimench01,MIN,AL,5,4,0,0,0,0,7,0,0,6,0,0,Chris,Gimenez
giolilu01,CHW,AL,45,12,3,3,0,34,31,12,0,7,0,0,Lucas,Giolito
givenmy01,BAL,AL,78,24,8,1,0,88,57,25,0,69,0,0,Mychal,Givens
glasnty01,PIT,NL,62,53,2,7,0,56,81,44,0,15,0,0,Tyler,Glasnow
gloveko01,WSN,NL,19,11,0,1,8,17,20,4,0,23,0,0,Koda,Glover
godleza01,ARI,NL,155,58,8,9,0,165,124,53,0,26,0,0,Zack,Godley
goedder01,NYM,NL,29,17,0,1,0,33,28,11,0,33,0,0,Erik,Goeddel
goforda01,MIL,NL,1,0,0,0,0,0,0,1,0,1,0,0,David,Goforth
gomezje01,PHI,NL,22,18,3,2,2,21,31,7,0,18,0,0,Jeanmar,Gomez
gonzagi01,WSN,NL,201,66,15,9,0,188,158,79,0,32,0,0,Gio,Gonzalez
gonzama02,SEA,AL,36,22,1,1,0,30,53,11,0,10,0,0,Marco,Gonzales
gonzama02,STL,NL,3,5,0,0,0,2,6,0,0,1,0,0,Marco,Gonzales
gonzami03,CHW,AL,133,64,7,10,0,85,145,47,0,22,0,0,Miguel,Gonzalez
gonzami03,TEX,AL,22,16,1,3,0,15,22,8,0,5,0,0,Miguel,Gonzalez
goodyni01,CLE,AL,54,17,1,2,0,72,39,20,0,56,0,0,Nick,Goody
gotttr01,WSN,NL,3,10,1,0,0,3,11,3,0,4,0,0,Trevor,Gott
gracema02,WSN,NL,50,24,1,0,2,31,50,18,0,40,0,0,Matt,Grace
graveke01,OAK,AL,105,49,6,4,0,70,114,32,0,19,0,0,Kendall,Graveman
grayjo02,COL,NL,110,45,10,4,0,112,113,30,0,20,1,0,Jon,Gray
grayso01,OAK,AL,97,37,6,5,0,94,84,30,0,16,0,0,Sonny,Gray
grayso01,NYY,AL,65,27,4,7,0,59,55,27,0,11,0,1,Sonny,Gray
greench03,NYY,AL,69,14,5,0,0,103,34,17,0,40,0,0,Chad,Green
greensh02,DET,AL,67,20,4,3,9,73,50,34,0,71,0,0,Shane,Greene
gregelu01,HOU,AL,61,31,2,3,1,70,62,20,0,65,1,0,Luke,Gregerson
greinza01,ARI,NL,202,72,17,7,0,215,172,45,0,32,0,1,Zack,Greinke
griffaj01,TEX,AL,77,51,6,6,0,61,76,28,1,18,0,1,"A. J.",Griffin
grillja01,TEX,AL,19,12,0,1,0,25,22,9,0,20,0,0,Jason,Grilli
grillja01,TOR,AL,20,16,2,4,1,23,24,9,0,26,0,0,Jason,Grilli
grimmju01,CHC,NL,55,34,1,2,1,59,47,27,0,50,1,0,Justin,Grimm
gsellro01,NYM,NL,119,69,8,7,0,82,138,42,0,25,0,1,Robert,Gsellman
guerrde01,LAA,AL,25,13,2,2,0,22,20,12,0,19,0,0,Deolis,Guerra
guerrja01,MIA,NL,21,7,1,1,0,12,23,7,0,16,0,0,Javy,Guerra
guerrju02,MIL,NL,70,40,1,4,0,67,61,43,0,21,0,0,Junior,Guerra
gurkaja01,LAA,AL,0,0,0,0,0,0,2,1,0,3,0,0,Jason,Gurka
gustaja01,HOU,AL,5,3,0,0,0,2,5,7,0,6,0,0,Jandel,Gustave
guthrje01,WSN,NL,0,10,0,1,0,0,6,4,0,1,0,0,Jeremy,Guthrie
hahnje01,OAK,AL,69,41,3,6,0,55,78,27,0,14,0,0,Jesse,Hahn
hamelco01,TEX,AL,148,69,11,6,0,105,125,53,0,24,0,1,Cole,Hamels
hammeja01,KCR,AL,180,106,8,13,0,145,209,48,0,32,1,0,Jason,Hammel
handbr01,SDP,NL,79,19,3,4,21,104,54,20,0,72,0,0,Brad,Hand
happja01,TOR,AL,145,57,10,11,0,142,145,46,0,25,0,0,"J. A.",Happ
hardybl01,DET,AL,33,22,1,0,0,28,46,13,0,35,0,0,Blaine,Hardy
harrelu01,TOR,AL,6,5,0,0,0,6,10,4,0,4,0,0,Lucas,Harrell
hartdo01,BAL,AL,43,18,2,0,0,29,48,13,0,51,1,0,Donnie,Hart
harvema01,NYM,NL,92,69,5,7,0,67,110,47,0,19,1,0,Matt,Harvey
hatchch02,LAD,NL,36,19,0,1,0,43,37,12,0,26,1,0,Chris,Hatcher
hatchch02,OAK,AL,23,9,1,1,1,20,21,9,0,23,0,0,Chris,Hatcher
heanean01,LAA,AL,21,17,1,2,0,27,27,9,0,5,0,0,Andrew,Heaney
hellebe01,NYY,AL,11,1,1,0,0,9,5,6,0,9,0,0,Ben,Heller
hellije01,PHI,NL,112,59,6,5,0,65,111,30,0,20,1,0,Jeremy,Hellickson
hellije01,BAL,AL,51,40,2,6,0,31,49,17,0,10,0,0,Jeremy,Hellickson
hembrhe01,BOS,AL,62,25,2,3,0,70,72,18,0,62,0,0,Heath,Hembree
hendrky01,CHC,NL,139,47,7,5,0,123,126,40,0,24,0,0,Kyle,Hendricks
hendrli01,OAK,AL,64,30,4,2,1,78,57,23,0,70,0,0,Liam,Hendriks
hernada01,LAA,AL,36,9,1,0,1,37,29,8,0,38,0,0,David,Hernandez
hernada01,ARI,NL,18,10,2,1,1,15,19,1,0,26,0,0,David,Hernandez
hernafe02,SEA,AL,86,42,6,5,0,78,86,26,0,16,0,0,Felix,Hernandez
herreke01,KCR,AL,59,28,3,3,26,56,60,20,0,64,0,0,Kelvin,Herrera
hestoch01,MIN,AL,1,0,0,0,0,0,1,0,0,1,0,0,Chris,Heston
hestoch01,SEA,AL,5,11,0,1,0,3,14,5,0,2,0,0,Chris,Heston
hillri01,LAD,NL,135,50,12,8,0,166,99,49,0,25,1,1,Rich,Hill
hoffmje02,COL,NL,99,65,6,5,0,82,106,40,0,23,0,0,Jeff,Hoffman
holdejo02,NYY,AL,39,17,1,1,0,40,45,8,0,37,0,0,Jonathan,Holder
hollade01,CHW,AL,135,93,7,14,0,104,156,75,0,29,0,0,Derek,Holland
hollagr01,COL,NL,57,23,3,6,41,70,40,26,0,61,0,0,Greg,Holland
holmbda01,CHW,AL,57,30,2,4,0,33,63,34,0,37,0,0,David,Holmberg
hoovejj01,ARI,NL,41,18,3,1,0,54,47,26,0,52,0,0,"J. J.",Hoover
housetj01,TOR,AL,2,1,0,0,0,1,3,1,0,2,0,0,"T. J.",House
howeljp01,TOR,AL,11,9,1,1,0,6,13,7,0,16,0,0,"J. P.",Howell
hoytja01,HOU,AL,49,24,1,0,0,66,51,14,0,43,0,0,James,Hoyt
hudsoda01,PIT,NL,61,30,2,7,0,66,57,33,0,71,0,0,Daniel,Hudson
hugheja02,MIL,NL,59,20,5,3,1,48,49,24,0,67,0,0,Jared,Hughes
hugheph01,MIN,AL,53,35,4,3,0,38,72,13,0,14,0,0,Phil,Hughes
hunteto02,TBR,AL,58,17,3,5,1,64,43,14,0,61,0,0,Tommy,Hunter
hurshja01,ATL,NL,10,6,1,0,0,7,13,4,0,9,0,0,Jason,Hursh
iglesra01,CIN,NL,76,21,3,3,28,92,57,27,0,63,0,0,Raisel,Iglesias
infangr01,CHW,AL,54,19,2,1,0,49,45,20,0,52,0,0,Greg,Infante
iwakuhi01,SEA,AL,31,15,0,2,0,16,27,12,0,6,0,0,Hisashi,Iwakuma
jacksed01,WSN,NL,71,40,5,6,0,58,75,25,0,13,0,0,Edwin,Jackson
jacksed01,BAL,AL,5,4,0,0,0,2,11,4,0,3,0,0,Edwin,Jackson
jackslu01,ATL,NL,50,26,2,0,0,33,55,19,0,43,0,0,Luke,Jackson
janseke01,LAD,NL,68,10,5,0,41,109,44,7,0,65,1,0,Kenley,Jansen
jayjo02,CHC,NL,1,0,0,0,0,0,1,0,0,1,0,0,Jon,Jay
jeffrje01,MIL,NL,24,10,4,0,0,22,24,15,0,22,0,0,Jeremy,Jeffress
jeffrje01,TEX,AL,40,24,1,2,0,29,49,19,0,39,0,0,Jeremy,Jeffress
jennida01,CHW,AL,44,17,3,1,0,38,35,19,0,48,0,0,Dan,Jennings
jennida01,TBR,AL,18,7,0,0,0,13,18,12,0,29,0,0,Dan,Jennings
jimenub01,BAL,AL,142,108,6,11,0,139,169,58,0,31,0,0,Ubaldo,Jimenez
johnsbr02,BOS,AL,27,13,2,0,0,21,32,8,1,5,0,1,Brian,Johnson
johnsji04,ATL,NL,56,35,6,3,22,61,59,25,0,61,0,0,Jim,Johnson
jonesna01,CHW,AL,11,3,1,0,0,15,9,6,0,11,0,0,Nate,Jones
jungmta01,MIL,NL,0,1,0,0,0,1,2,1,0,1,0,0,Taylor,Jungmann
kahnlto01,CHW,AL,36,10,1,3,0,60,28,7,0,37,0,0,Tommy,Kahnle
kahnlto01,NYY,AL,26,8,1,1,0,36,25,10,0,32,0,0,Tommy,Kahnle
karnsna01,KCR,AL,45,21,2,2,0,51,41,13,0,9,0,0,Nate,Karns
kelake01,TEX,AL,38,12,4,1,2,51,18,17,0,39,1,0,Keone,Kela
kellesh01,WSN,NL,26,21,3,2,4,25,29,11,0,33,0,0,Shawn,Kelley
kellyjo05,BOS,AL,58,18,4,1,0,52,42,27,0,54,0,0,Joe,Kelly
kendrky01,BOS,AL,8,12,0,2,0,3,18,3,0,2,0,0,Kyle,Kendrick
kenneia01,KCR,AL,154,92,5,13,0,131,143,61,0,30,1,0,Ian,Kennedy
kershcl01,LAD,NL,175,45,18,4,0,202,136,30,0,27,2,1,Clayton,Kershaw
keuchda01,HOU,AL,145,47,14,5,0,125,116,47,0,23,0,1,Dallas,Keuchel
kimbrcr01,BOS,AL,69,11,5,0,35,126,33,14,0,67,0,0,Craig,Kimbrel
kintzbr01,MIN,AL,45,14,2,2,28,27,41,11,0,45,0,0,Brandon,Kintzler
kintzbr01,WSN,NL,26,10,2,1,1,12,25,5,0,27,0,0,Brandon,Kintzler
klubeco01,CLE,AL,203,51,18,4,0,265,141,36,3,29,0,5,Corey,Kluber
knebeco01,MIL,NL,76,15,1,4,39,126,48,40,0,76,0,0,Corey,Knebel
kochma01,ARI,NL,0,3,0,0,0,0,2,1,0,1,0,0,Matt,Koch
koehlto01,TOR,AL,17,5,0,2,0,18,16,6,0,15,0,0,Tom,Koehler
koehlto01,MIA,NL,55,49,1,5,0,44,67,29,0,12,0,0,Tom,Koehler
kontoge01,PIT,NL,14,3,1,1,1,15,9,3,0,15,0,0,George,Kontos
kontoge01,SFG,NL,51,22,0,5,0,55,52,17,0,50,0,0,George,Kontos
krolia01,ATL,NL,49,29,2,2,0,44,50,21,0,51,0,0,Ian,Krol
kuhlch01,PIT,NL,157,76,8,11,0,142,159,72,0,31,1,0,Chad,Kuhl
lackejo01,CHC,NL,170,87,12,12,0,149,165,53,0,31,2,0,John,Lackey
latosma01,TOR,AL,15,11,0,1,0,10,19,8,0,3,0,0,Mat,Latos
lawde01,SFG,NL,37,21,4,1,4,35,45,14,0,41,0,0,Derek,Law
layneto01,NYY,AL,13,11,0,0,0,9,16,8,0,19,0,0,Tommy,Layne
leakemi01,SEA,AL,32,9,3,1,0,27,32,2,0,5,0,0,Mike,Leake
leakemi01,STL,NL,154,72,7,12,0,103,169,35,0,26,0,0,Mike,Leake
leathja01,PIT,NL,4,0,0,0,0,6,3,2,0,6,0,0,Jack,Leathersich
leathja01,CHC,NL,0,2,0,0,0,1,1,4,0,1,0,0,Jack,Leathersich
leblawa01,PIT,NL,68,34,5,2,1,54,64,17,0,50,0,0,Wade,LeBlanc
leclejo01,TEX,AL,45,20,2,3,2,60,23,40,0,47,0,0,Jose,Leclerc
leeza01,SDP,NL,8,5,1,0,0,6,8,8,0,3,0,0,Zach,Lee
leonedo01,TOR,AL,70,20,3,0,1,81,51,23,0,65,0,0,Dominic,Leone
lestejo01,CHC,NL,180,87,13,8,0,180,179,60,0,32,0,1,Jon,Lester
liberad01,LAD,NL,3,1,0,0,0,5,3,2,0,4,0,0,Adam,Liberatore
lindbjo01,PIT,NL,10,9,0,0,0,10,18,3,0,4,0,0,Josh,Lindblom
liriafr01,HOU,AL,14,7,0,2,0,11,14,10,0,20,0,0,Francisco,Liriano
liriafr01,TOR,AL,82,54,6,5,0,74,91,43,0,18,1,0,Francisco,Liriano
lockeje01,MIA,NL,32,29,0,5,0,26,42,15,0,7,0,0,Jeff,Locke
loganbo02,CLE,AL,21,11,1,0,0,28,20,9,0,38,0,0,Boone,Logan
lopezjo02,MIL,NL,2,1,0,0,0,0,4,1,0,1,0,0,Jorge,Lopez
lopezre01,CHW,AL,47,25,3,3,0,30,49,14,0,8,0,0,Reynaldo,Lopez
lorenmi01,CIN,NL,83,41,8,4,2,80,78,34,0,70,1,0,Michael,Lorenzen
loupaa01,TOR,AL,57,24,2,3,0,64,59,29,0,70,0,0,Aaron,Loup
lugose01,NYM,NL,101,53,7,5,0,85,114,25,0,19,1,0,Seth,Lugo
lylesjo01,SDP,NL,23,24,1,3,0,22,35,10,0,5,0,0,Jordan,Lyles
lylesjo01,COL,NL,46,36,0,2,0,33,61,12,0,33,0,0,Jordan,Lyles
lynnla01,STL,NL,186,71,11,8,0,153,151,78,0,33,0,0,Lance,Lynn
lyonsty01,STL,NL,54,17,4,1,3,68,39,20,0,50,0,0,Tyler,Lyons
machije01,SEA,AL,7,1,1,0,0,4,7,4,0,5,0,0,Jean,Machi
madsory01,WSN,NL,19,3,3,0,1,28,13,3,0,20,0,0,Ryan,Madson
madsory01,OAK,AL,39,9,2,4,1,39,25,6,0,40,0,0,Ryan,Madson
maedake01,LAD,NL,134,63,13,6,1,140,121,34,0,29,0,0,Kenta,Maeda
magnida01,LAA,AL,0,0,0,0,0,1,0,2,0,1,0,0,Damien,Magnifico
manaese01,OAK,AL,158,77,12,10,0,140,167,55,0,29,0,0,Sean,Manaea
manesse01,KCR,AL,9,4,1,0,0,4,16,2,0,8,0,0,Seth,Maness
marinjh01,TEX,AL,7,2,0,0,0,5,7,3,0,4,0,0,Jhan,Marinez
marinjh01,PIT,NL,34,12,0,1,0,26,34,12,0,24,0,0,Jhan,Marinez
marinjh01,MIL,NL,16,10,0,2,0,14,23,11,0,15,0,0,Jhan,Marinez
marksju01,TBR,AL,1,1,0,0,0,1,2,1,0,1,0,0,Justin,Marks
marquge01,COL,NL,162,79,11,7,0,147,174,49,0,29,0,0,German,Marquez
marshev01,SEA,AL,7,8,0,0,0,4,12,5,0,6,0,0,Evan,Marshall
martica04,STL,NL,205,83,12,11,0,217,179,71,2,32,0,2,Carlos,Martinez
martico01,SEA,AL,2,3,0,0,0,0,5,2,0,1,0,0,Cody,Martin
martile01,CHC,NL,0,2,0,0,0,0,3,0,0,1,0,0,Leonys,Martin
martimi02,CLE,AL,1,0,0,0,0,0,1,0,0,1,0,0,Michael,Martinez
martini01,TEX,AL,111,70,3,8,0,67,124,28,0,23,0,0,Nick,Martinez
matzst01,NYM,NL,66,45,2,7,0,48,83,19,0,13,0,0,Steven,Matz
maurebr01,SDP,NL,39,25,1,4,20,38,39,8,0,42,0,0,Brandon,Maurer
maurebr01,KCR,AL,20,18,2,2,2,21,34,11,0,26,0,0,Brandon,Maurer
mayermi01,STL,NL,4,6,0,0,0,3,8,4,0,3,0,0,Mike,Mayers
mazzoco01,SDP,NL,8,12,0,0,0,4,17,4,0,6,0,0,Cory,Mazzoni
mcallza01,CLE,AL,62,18,2,2,0,66,53,21,0,50,0,0,Zach,McAllister
mccarbr01,LAD,NL,92,41,6,4,0,72,89,27,0,19,0,0,Brandon,McCarthy
mccarke01,KCR,AL,45,16,1,0,0,27,50,13,0,33,0,0,Kevin,McCarthy
mcculla02,HOU,AL,118,56,7,4,0,132,114,40,0,22,1,0,Lance,McCullers
mcfartj01,ARI,NL,54,32,4,5,0,29,65,17,0,43,0,0,"T. J.",McFarland
mcgeeja01,COL,NL,57,23,0,2,3,58,47,16,0,62,0,0,Jake,McGee
mcgowdu01,MIA,NL,77,41,8,2,0,64,77,27,0,63,0,0,Dustin,McGowan
mchugco01,HOU,AL,63,25,5,2,0,62,62,20,0,12,0,0,Collin,McHugh
mejiaad01,MIN,AL,98,49,4,7,0,85,110,44,0,21,2,0,Adalberto,Mejia
melanma01,SFG,NL,30,15,1,2,11,29,37,6,0,32,0,0,Mark,Melancon
melviti01,SDP,NL,2,2,0,0,0,3,3,3,0,2,0,0,Tim,Melville
melviti01,MIN,AL,3,5,0,1,0,4,4,3,0,1,0,0,Tim,Melville
mendeyo01,TEX,AL,12,7,0,1,0,7,13,3,0,7,0,0,Yohander,Mendez
mengdda01,OAK,AL,43,15,3,2,0,29,36,9,1,7,0,1,Daniel,Mengden
merriry01,CLE,AL,20,4,2,0,0,7,26,4,0,5,0,0,Ryan,Merritt
meyeral01,LAA,AL,67,28,4,5,0,75,48,42,0,13,1,0,Alex,Meyer
mileywa01,BAL,AL,157,98,8,15,0,142,179,93,0,32,0,0,Wade,Miley
millean01,CLE,AL,62,10,4,3,2,95,31,21,0,57,0,0,Andrew,Miller
millesh01,ARI,NL,22,10,2,2,0,20,20,12,0,4,1,0,Shelby,Miller
milonto01,MIL,NL,21,15,1,0,1,16,29,2,0,6,0,0,Tommy,Milone
milonto01,NYM,NL,27,26,0,3,0,22,36,12,0,11,0,0,Tommy,Milone
minayju01,CHW,AL,43,22,3,2,9,51,38,20,0,40,1,0,Juan,Minaya
minormi01,KCR,AL,77,22,6,6,6,88,57,22,0,65,0,0,Mike,Minor
miranar01,SEA,AL,160,91,8,7,0,137,140,63,0,31,0,1,Ariel,Miranda
mitchbr01,NYY,AL,32,21,1,1,1,17,42,13,0,20,0,0,Bryan,Mitchell
montemi01,CHC,NL,1,0,0,0,0,0,0,2,0,1,0,0,Miguel,Montero
montera01,NYM,NL,119,73,5,11,0,114,141,67,0,34,1,0,Rafael,Montero
montgmi01,CHC,NL,130,49,7,8,3,100,103,55,0,44,0,0,Mike,Montgomery
moorema02,SFG,NL,174,107,6,15,0,148,200,67,0,32,0,0,Matt,Moore
morelmi01,BOS,AL,1,0,0,0,0,1,2,0,0,1,0,0,Mitch,Moreland
morendi01,TBR,AL,5,3,0,1,0,6,6,2,0,5,0,0,Diego,Moreno
morgaad01,PHI,NL,54,25,3,3,0,63,51,18,0,37,0,0,Adam,Morgan
morinmi01,KCR,AL,5,5,0,0,0,6,8,3,0,6,0,0,Mike,Morin
morinmi01,LAA,AL,14,11,0,0,0,10,21,2,0,10,0,0,Mike,Morin
morriak01,ATL,NL,7,1,0,0,0,9,6,4,0,8,0,0,Akeel,Morris
morribr01,SFG,NL,21,15,2,0,0,15,24,11,0,20,0,0,Bryan,Morris
morrobr01,LAD,NL,43,10,6,0,2,50,31,9,0,45,0,0,Brandon,Morrow
mortoch02,HOU,AL,146,59,14,7,0,163,125,50,0,25,0,0,Charlie,Morton
motteja01,ATL,NL,40,16,1,0,0,27,28,20,0,46,0,0,Jason,Motte
moylape01,KCR,AL,59,23,0,0,0,46,40,25,0,79,0,0,Peter,Moylan
mujiced01,DET,AL,6,7,0,0,0,7,11,0,0,5,0,0,Edward,Mujica
musgrjo01,HOU,AL,109,58,7,8,2,98,117,28,0,38,0,0,Joe,Musgrove
nealza01,OAK,AL,14,13,0,0,0,10,19,1,0,6,0,0,Zach,Neal
nelsoji02,MIL,NL,175,68,12,6,0,199,171,48,0,29,1,1,Jimmy,Nelson
nerishe01,PHI,NL,74,25,4,5,26,86,68,26,0,74,1,0,Hector,Neris
neshepa01,COL,NL,22,6,2,1,0,24,20,1,0,28,0,0,Pat,Neshek
neshepa01,PHI,NL,40,5,3,2,1,45,28,5,0,43,0,0,Pat,Neshek
nicasju01,PHI,NL,1,0,1,0,0,1,0,0,0,2,0,0,Juan,Nicasio
nicasju01,STL,NL,11,2,2,0,4,11,9,2,0,9,0,0,Juan,Nicasio
nicasju01,PIT,NL,60,19,2,5,2,60,49,18,0,65,0,0,Juan,Nicasio
nichobr01,TEX,AL,1,4,0,0,0,0,5,0,0,1,0,0,Brett,Nicholas
nicolju01,MIA,NL,48,27,2,3,0,26,66,20,0,20,0,0,Justin,Nicolino
nolaaa01,PHI,NL,168,66,12,11,0,184,154,49,0,27,0,0,Aaron,Nola
nolasri01,LAA,AL,181,99,6,15,0,143,205,58,1,33,0,1,Ricky,Nolasco
norribu01,LAA,AL,62,29,2,6,19,74,56,27,0,60,0,0,Bud,Norris
norrida01,DET,AL,101,60,5,8,0,86,120,44,0,22,0,0,Daniel,Norris
novaiv01,PIT,NL,187,86,11,14,0,131,203,36,1,31,0,2,Ivan,Nova
nunovi01,BAL,AL,14,17,0,1,0,13,23,10,0,12,0,0,Vidal,Nuno
obergsc01,COL,NL,58,32,0,1,0,55,70,24,0,66,0,0,Scott,Oberg
odayda01,BAL,AL,60,23,2,3,2,76,41,24,0,64,1,0,Darren,O'Day
odorija01,TBR,AL,143,66,10,8,0,127,117,61,0,28,0,0,Jake,Odorizzi
oflaher01,ATL,NL,18,16,0,0,0,15,20,9,0,22,0,0,Eric,O'Flaherty
ohse01,STL,NL,59,27,1,6,20,54,68,15,0,62,0,0,Seung-hwan,Oh
okertst01,SFG,NL,27,17,1,1,0,22,24,11,0,44,0,0,Steven,Okert
olsonty01,CLE,AL,20,0,1,0,1,18,13,6,0,30,0,0,Tyler,Olson
osichjo01,SFG,NL,43,30,3,2,0,43,48,27,0,54,0,0,Josh,Osich
osunaro01,TOR,AL,64,24,3,4,39,83,46,9,0,66,0,0,Roberto,Osuna
oteroda01,CLE,AL,60,19,3,0,0,38,63,9,0,52,0,0,Dan,Otero
ottavad01,COL,NL,53,30,2,3,0,63,48,39,0,63,0,0,Adam,Ottavino
overtdi01,SEA,AL,18,13,0,0,0,8,21,2,0,9,0,0,Dillon,Overton
overtdi01,SDP,NL,4,4,0,1,0,3,9,2,0,1,0,0,Dillon,Overton
parkebl01,LAA,AL,67,19,3,3,8,86,40,16,0,71,0,0,Blake,Parker
paulida01,HOU,AL,29,21,2,0,0,34,36,7,0,6,0,0,David,Paulino
paxtoja01,SEA,AL,136,45,12,5,0,156,113,37,0,24,1,0,James,Paxton
pazosja01,SEA,AL,53,23,4,5,0,65,51,24,0,59,1,0,James,Pazos
peacobr01,HOU,AL,132,44,13,2,0,161,100,57,0,34,1,0,Brad,Peacock
pelfrmi01,CHW,AL,120,79,3,12,0,79,127,62,0,34,0,0,Mike,Pelfrey
penafe01,CHC,NL,34,20,1,0,0,37,35,18,0,25,0,0,Felix,Pena
peralwa01,CIN,NL,64,27,3,4,0,57,53,24,0,69,0,0,Wandy,Peralta
peralwi01,MIL,NL,57,50,5,4,0,52,73,32,0,19,0,0,Wily,Peralta
perdolu02,SDP,NL,163,85,8,11,0,118,182,65,0,29,2,0,Luis,Perdomo
perezhe01,MIL,NL,1,0,0,0,0,0,1,1,0,1,0,0,Hernan,Perez
perezma02,TEX,AL,185,99,13,12,0,115,221,63,0,32,0,0,Martin,Perez
perezol01,WSN,NL,33,17,0,0,1,39,32,12,0,50,1,0,Oliver,Perez
perkigl01,MIN,AL,5,6,0,0,0,2,8,5,0,8,0,0,Glen,Perkins
petityu01,LAA,AL,91,28,5,2,4,101,69,18,0,60,0,0,Yusmeiro,Petit
petrija01,CHW,AL,25,20,1,1,0,26,39,6,0,27,0,0,Jake,Petricka
phelpda01,SEA,AL,8,3,2,1,0,11,9,5,0,10,0,0,David,Phelps
phelpda01,MIA,NL,47,18,2,4,0,51,42,21,0,44,0,0,David,Phelps
pinedmi01,NYY,AL,96,47,8,4,0,92,103,21,0,17,1,0,Michael,Pineda
plaweke01,NYM,NL,3,4,0,0,0,0,5,0,0,2,0,0,Kevin,Plawecki
pomerdr01,BOS,AL,173,64,17,6,0,174,166,69,0,32,0,0,Drew,Pomeranz
porceri01,BOS,AL,203,105,11,17,0,181,236,48,0,33,0,2,Rick,Porcello
poundbr01,LAA,AL,10,12,1,0,0,12,17,5,0,11,1,0,Brooks,Pounders
pressry01,MIN,AL,61,32,2,3,0,61,52,19,0,57,0,0,Ryan,Pressly
priceda01,BOS,AL,74,28,6,3,0,76,65,24,0,16,0,0,David,Price
putnaza01,CHW,AL,8,1,0,0,0,9,2,1,0,7,0,0,Zach,Putnam
quackke01,SDP,NL,26,23,0,2,0,23,32,16,0,20,0,0,Kevin,Quackenbush
quallch01,COL,NL,16,10,1,1,0,11,17,5,0,19,0,0,Chad,Qualls
quintjo01,CHC,NL,84,35,7,3,0,98,72,21,1,14,0,1,Jose,Quintana
quintjo01,CHW,AL,104,52,4,8,0,109,98,40,0,18,1,0,Jose,Quintana
ramirer02,TBR,AL,69,37,4,3,1,55,66,16,0,26,0,0,Erasmo,Ramirez
ramirer02,SEA,AL,62,27,1,3,0,54,57,15,0,11,0,0,Erasmo,Ramirez
ramirjc01,LAA,AL,147,68,11,10,0,105,149,49,0,27,1,0,"J. C.",Ramirez
ramirjo02,ATL,NL,62,22,2,3,0,56,45,29,0,68,0,0,Jose,Ramirez
ramirne01,SFG,NL,10,10,0,0,0,18,15,4,0,9,0,0,Neil,Ramirez
ramirne01,NYM,NL,21,15,0,1,0,26,20,17,0,20,0,0,Neil,Ramirez
ramirno01,LAA,AL,8,2,0,0,0,10,3,4,0,10,0,0,Noe,Ramirez
ramirno01,BOS,AL,4,2,0,0,0,4,3,1,0,2,0,0,Noe,Ramirez
ramosaj01,MIA,NL,39,16,2,4,20,47,30,22,0,40,0,0,"A. J.",Ramos
ramosaj01,NYM,NL,19,10,0,0,7,25,19,12,0,21,0,0,"A. J.",Ramos
ramosed02,PHI,NL,57,27,2,7,0,75,57,28,0,59,1,0,Edubray,Ramos
ravinjo01,LAD,NL,16,12,0,1,1,19,12,9,0,14,0,0,Josh,Ravin
rayro02,ARI,NL,162,52,15,5,0,218,116,71,1,28,0,1,Robbie,Ray
reedad01,NYM,NL,49,14,1,2,19,48,49,6,0,48,0,0,Addison,Reed
reedad01,BOS,AL,27,10,1,1,0,28,16,9,0,29,0,0,Addison,Reed
reedco01,CIN,NL,17,10,1,1,1,17,11,19,0,12,0,0,Cody,Reed
richacl01,SDP,NL,197,105,8,15,0,151,240,59,1,32,1,2,Clayton,Richard
richaga01,LAA,AL,27,7,0,2,0,27,18,7,0,6,0,0,Garrett,Richards
riverfe01,PIT,NL,75,14,5,3,21,88,47,20,0,73,1,0,Felipe,Rivero
roarkta01,WSN,NL,181,94,13,11,0,166,178,64,0,32,1,0,Tanner,Roark
roberda08,NYY,AL,35,4,5,0,1,51,14,12,0,30,0,0,David,Robertson
roberda08,CHW,AL,33,10,4,2,13,47,21,11,0,31,0,0,David,Robertson
robleha01,NYM,NL,56,31,7,5,0,60,47,29,0,46,0,0,Hansel,Robles
rodnefe01,ARI,NL,55,26,5,4,39,65,40,26,0,61,0,0,Fernando,Rodney
rodonca01,CHW,AL,69,32,2,5,0,76,64,31,0,12,0,0,Carlos,Rodon
rodried05,BOS,AL,137,64,6,7,0,150,126,50,0,25,1,0,Eduardo,Rodriguez
rodrifr03,DET,AL,25,22,2,5,7,23,31,11,0,28,0,0,Francisco,Rodriguez
roech01,TBR,AL,8,1,0,0,0,12,4,3,0,9,0,0,Chaz,Roe
roech01,ATL,NL,2,2,0,0,0,1,3,2,0,3,0,0,Chaz,Roe
rogerta01,MIN,AL,55,19,7,3,0,49,52,21,0,69,0,0,Taylor,Rogers
romeren01,WSN,NL,55,22,2,4,2,65,55,23,0,53,2,0,Enny,Romero
rominan01,DET,AL,1,0,0,0,0,0,1,1,0,2,0,0,Andrew,Romine
romose01,TBR,AL,30,5,2,0,0,28,19,7,0,25,0,0,Sergio,Romo
romose01,LAD,NL,25,17,1,1,0,31,23,12,0,30,1,0,Sergio,Romo
rondobr01,DET,AL,15,19,1,3,1,22,21,10,0,21,1,0,Bruce,Rondon
rondohe01,CHC,NL,57,27,4,1,0,69,50,20,0,61,0,0,Hector,Rondon
rosentr01,STL,NL,47,18,3,4,11,76,37,20,0,50,0,0,Trevor,Rosenthal
rosscza01,CHC,NL,0,0,0,0,0,0,0,0,0,1,0,0,Zac,Rosscup
rosscza01,COL,NL,7,4,0,0,0,10,9,0,0,9,0,0,Zac,Rosscup
rossjo01,WSN,NL,73,41,5,3,0,68,88,20,0,13,0,0,Joe,Ross
rossro01,BOS,AL,9,7,0,0,0,9,12,5,0,8,0,0,Robbie,Ross
rossty01,TEX,AL,49,42,3,3,0,36,53,37,0,12,0,0,Tyson,Ross
rucindr01,MIN,AL,4,5,0,0,0,5,10,2,0,2,0,0,Drew,Rucinski
ruizca01,SEA,AL,1,1,0,0,0,1,2,2,0,1,0,0,Carlos,Ruiz
runzlda01,PIT,NL,4,2,0,0,0,4,7,2,0,8,0,0,Dan,Runzler
rusinch01,COL,NL,85,25,5,1,2,71,75,19,0,60,0,0,Chris,Rusin
ryanky01,DET,AL,5,5,0,0,0,1,9,7,0,8,0,0,Kyle,Ryan
ryuhy01,LAD,NL,126,53,5,9,1,116,128,45,0,25,1,0,Hyun-Jin,Ryu
rzepcma01,SEA,AL,31,14,2,2,1,25,29,20,0,64,0,0,Marc,Rzepczynski
salasfe01,LAA,AL,13,4,1,0,0,9,7,2,0,13,0,0,Fernando,Salas
salasfe01,NYM,NL,45,30,1,2,0,47,60,20,0,48,0,0,Fernando,Salas
salazda01,CLE,AL,103,49,5,6,0,145,94,44,0,23,0,0,Danny,Salazar
salech01,BOS,AL,214,69,17,8,0,308,165,43,0,32,0,1,Chris,Sale
samarje01,SFG,NL,207,102,9,15,0,205,204,32,1,32,0,1,Jeff,Samardzija
sanchaa01,TOR,AL,36,17,1,3,0,24,42,20,0,8,0,0,Aaron,Sanchez
sanchan01,DET,AL,105,75,3,7,0,104,139,29,0,28,1,0,Anibal,Sanchez
santaer01,MIN,AL,211,77,16,8,0,167,177,61,3,33,1,5,Ervin,Santana
santihe01,MIN,AL,70,44,4,8,0,51,70,31,0,15,1,0,Hector,Santiago
sardilu01,SDP,NL,1,0,0,0,0,0,1,0,0,1,0,0,Luis,Sardinas
saupowa01,DET,AL,62,34,3,2,0,44,64,31,0,45,0,0,Warwick,Saupold
scahiro01,MIL,NL,22,11,1,3,0,10,21,10,0,18,0,0,Rob,Scahill
schepta01,TEX,AL,4,3,0,1,0,5,5,3,0,5,0,0,Tanner,Scheppers
scherma01,WSN,NL,200,56,16,6,0,268,126,55,0,31,0,2,Max,Scherzer
schugaj01,PIT,NL,32,7,4,0,0,27,31,14,0,32,0,0,"A. J.",Schugel
scottro02,BOS,AL,35,15,2,1,0,31,22,13,0,57,0,0,Robby,Scott
scribev01,SEA,AL,7,9,0,2,0,6,13,0,0,8,0,0,Evan,Scribner
severlu01,NYY,AL,193,64,14,6,0,230,150,51,0,31,0,0,Luis,Severino
shawbr01,CLE,AL,76,30,4,6,3,73,71,22,0,79,0,0,Bryan,Shaw
shielja02,CHW,AL,117,68,5,7,0,103,116,53,0,21,0,0,James,Shields
shiplbr01,ARI,NL,25,16,0,1,0,18,31,15,0,10,0,0,Braden,Shipley
shoemma01,LAA,AL,77,39,6,3,0,69,73,28,0,14,1,0,Matt,Shoemaker
shrevch01,NYY,AL,45,19,4,1,0,58,35,25,0,44,0,0,Chasen,Shreve
siegrke01,PHI,NL,5,2,0,0,0,7,4,2,0,7,0,0,Kevin,Siegrist
siegrke01,STL,NL,34,19,1,1,1,36,35,20,0,39,0,0,Kevin,Siegrist
simmosh01,SEA,AL,7,6,0,2,0,8,4,4,0,9,0,0,Shae,Simmons
sippto01,HOU,AL,37,24,0,1,0,39,36,16,0,46,0,0,Tony,Sipp
skaggty01,LAA,AL,85,43,2,6,0,76,90,28,0,16,2,0,Tyler,Skaggs
smithca02,BOS,AL,6,1,0,0,1,7,7,2,0,8,0,0,Carson,Smith
smithch08,OAK,AL,55,42,0,4,0,31,60,22,0,14,0,0,Chad,Smith
smithjo05,CLE,AL,18,7,0,0,1,20,16,0,0,21,0,0,Joe,Smith
smithjo05,TOR,AL,35,13,3,0,0,51,30,10,0,38,0,0,Joe,Smith
smithjo07,OAK,AL,35,19,2,1,0,25,35,15,0,26,0,0,Josh,Smith
smokejo01,NYM,NL,56,32,1,2,0,68,64,32,0,54,0,0,Josh,Smoker
snellbl01,TBR,AL,129,58,5,7,0,119,113,59,0,24,0,0,Blake,Snell
socolmi01,STL,NL,18,18,0,1,1,14,27,4,0,15,0,0,Miguel,Socolovich
solissa01,WSN,NL,26,17,1,0,1,28,22,13,0,30,0,0,Sammy,Solis
soriajo01,KCR,AL,56,23,4,3,1,64,49,20,0,59,0,0,Joakim,Soria
stammcr01,SDP,NL,80,28,2,3,0,74,68,28,0,60,0,0,Craig,Stammen
stephro01,CIN,NL,84,44,5,6,1,86,81,53,0,25,2,0,Robert,Stephenson
stewabr01,LAD,NL,34,13,0,0,1,29,28,19,0,17,0,0,Brock,Stewart
storedr01,CIN,NL,54,27,4,2,1,48,57,23,0,58,0,0,Drew,Storen
strahma01,KCR,AL,34,21,2,5,0,37,30,22,0,24,0,0,Matt,Strahm
straida01,MIA,NL,181,86,10,9,0,170,176,60,0,33,0,0,Dan,Straily
strasst01,WSN,NL,175,49,15,4,0,204,131,47,1,28,0,1,Stephen,Strasburg
stratch01,SFG,NL,58,24,4,4,1,51,59,28,0,13,0,0,Chris,Stratton
streehu01,LAA,AL,4,0,0,0,0,3,2,1,0,4,0,0,Huston,Street
strichu01,SFG,NL,61,18,4,3,1,58,59,29,0,68,1,0,Hunter,Strickland
stripro01,LAD,NL,74,31,3,5,2,74,69,19,0,49,0,0,Ross,Stripling
stromma01,TOR,AL,201,69,13,9,0,164,201,62,0,33,1,2,Marcus,Stroman
stroppe01,CHC,NL,60,19,5,4,0,65,45,26,0,69,1,0,Pedro,Strop
stumpda01,DET,AL,37,16,0,1,0,33,37,15,0,55,1,0,Daniel,Stumpf
suareal01,SFG,NL,31,18,0,3,1,34,28,11,0,18,0,0,Albert,Suarez
sucreje01,TBR,AL,1,3,0,0,0,0,2,2,0,1,1,0,Jesus,Sucre
suterbr01,MIL,NL,81,31,3,2,0,64,83,22,0,22,0,0,Brent,Suter
swarzan01,CHW,AL,48,12,4,3,1,52,37,13,0,41,0,0,Anthony,Swarzak
swarzan01,MIL,NL,29,8,2,1,1,39,21,9,0,29,0,0,Anthony,Swarzak
syndeno01,NYM,NL,30,10,1,2,0,34,29,3,0,7,0,0,Noah,Syndergaard
taillja01,PIT,NL,133,66,8,7,0,125,152,46,0,25,0,0,Jameson,Taillon
tanakma01,NYY,AL,178,94,13,12,0,194,180,41,1,30,0,1,Masahiro,Tanaka
tazawju01,MIA,NL,55,35,3,5,0,38,55,22,0,55,0,0,Junichi,Tazawa
teherju01,ATL,NL,188,94,11,13,0,151,186,72,0,32,0,0,Julio,Teheran
teperry01,TOR,AL,77,31,7,1,2,81,57,31,0,73,0,0,Ryan,Tepera
tepesni01,TOR,AL,14,8,1,1,0,7,17,7,0,3,0,0,Nick,Tepesch
tepesni01,MIN,AL,1,1,0,1,0,2,5,2,0,1,0,0,Nick,Tepesch
thompja03,PHI,NL,46,20,3,2,0,35,50,22,0,11,0,0,Jake,Thompson
tillmch01,BAL,AL,93,81,1,7,0,63,125,51,0,24,0,0,Chris,Tillman
tollias01,HOU,AL,5,2,0,0,0,5,4,4,0,3,0,0,Ashur,Tolliver
tomlijo01,CLE,AL,141,78,10,9,0,109,166,14,0,26,0,1,Josh,Tomlin
tonkimi01,MIN,AL,21,12,0,1,0,24,22,12,0,16,0,0,Michael,Tonkin
torreca01,MIL,NL,72,34,4,4,1,56,78,33,0,67,0,0,Carlos,Torres
torrejo02,SDP,NL,68,32,7,4,1,63,63,16,0,62,3,0,Jose,Torres
treinbl01,OAK,AL,38,9,3,4,13,42,32,12,0,35,0,0,Blake,Treinen
treinbl01,WSN,NL,37,24,0,2,3,32,48,13,0,37,0,0,Blake,Treinen
triggan01,OAK,AL,65,31,5,6,0,50,68,19,0,12,0,0,Andrew,Triggs
tuivasa01,STL,NL,42,12,3,3,0,34,35,11,0,37,0,0,Sam,Tuivailala
turneja01,WSN,NL,39,22,2,3,0,23,43,15,0,18,0,0,Jacob,Turner
ueharko01,CHC,NL,43,19,3,4,2,50,38,12,0,49,0,0,Koji,Uehara
urenajo01,MIA,NL,169,72,14,7,0,113,152,64,0,34,1,0,Jose,Urena
uriasju01,LAD,NL,23,14,0,2,0,11,23,14,0,5,1,0,Julio,Urias
valdece01,TOR,AL,21,16,1,1,0,16,27,7,0,7,1,0,Cesar,Valdez
valdece01,OAK,AL,9,10,0,0,0,5,14,4,0,4,0,0,Cesar,Valdez
valdejo03,SDP,NL,17,15,0,0,0,16,20,4,0,13,0,0,Jose,Valdez
valdejo03,LAA,AL,1,2,0,0,0,1,1,1,0,1,0,0,Jose,Valdez
vargaja01,KCR,AL,179,83,18,11,0,134,181,58,1,32,1,1,Jason,Vargas
velasvi01,PHI,NL,72,41,2,7,0,68,74,34,0,15,1,0,Vince,Velasquez
verhadr01,DET,AL,34,22,0,3,0,25,42,9,0,24,0,0,Drew,VerHagen
verlaju01,HOU,AL,34,4,5,0,0,43,17,5,0,5,0,0,Justin,Verlander
verlaju01,DET,AL,172,73,10,8,0,176,153,67,0,28,0,0,Justin,Verlander
verrelo01,BAL,AL,10,5,2,0,0,9,11,3,0,4,0,0,Logan,Verrett
vinceni01,SEA,AL,64,23,3,3,0,50,62,13,0,69,0,0,Nick,Vincent
vizcaar01,ATL,NL,57,18,5,3,14,64,42,21,0,62,0,0,Arodys,Vizcaino
volqued01,MIA,NL,92,43,4,8,0,81,78,53,1,17,0,1,Edinson,Volquez
volstch01,CHW,AL,19,10,1,2,0,10,16,5,0,6,0,0,Chris,Volstad
wachami01,STL,NL,165,76,12,9,0,158,170,55,1,30,0,1,Michael,Wacha
wainwad01,STL,NL,123,70,12,5,0,96,140,45,0,24,0,0,Adam,Wainwright
walketa01,ARI,NL,157,61,9,9,0,146,148,61,0,28,1,0,Taijuan,Walker
wangwe01,MIL,NL,1,2,0,0,0,2,5,0,0,8,0,0,Wei-Chung,Wang
warread01,NYY,AL,57,15,3,2,1,54,35,15,0,46,0,0,Adam,Warren
watsoto01,LAD,NL,20,6,2,1,0,18,15,6,0,24,0,0,Tony,Watson
watsoto01,PIT,NL,46,19,5,3,10,35,57,14,0,47,0,0,Tony,Watson
weaveje02,SDP,NL,42,35,0,5,0,23,51,12,0,9,0,0,Jered,Weaver
weavelu01,STL,NL,60,26,7,2,0,72,59,17,0,13,0,0,Luke,Weaver
weberry01,SEA,AL,3,1,0,0,0,0,3,0,0,1,0,0,Ryan,Weber
whalero01,SEA,AL,7,5,0,1,0,2,7,2,0,2,0,0,Robert,Whalen
wheelza01,NYM,NL,86,50,3,7,0,81,97,40,0,17,0,0,Zach,Wheeler
whitety01,HOU,AL,1,2,0,0,0,0,2,0,0,1,0,0,Tyler,White
whitlch01,TBR,AL,57,26,2,1,2,43,48,16,0,41,0,0,Chase,Whitley
wilheto01,ARI,NL,26,13,1,1,0,17,25,12,0,27,0,0,Tom,Wilhelmsen
wilkad01,MIN,AL,10,9,0,1,0,6,16,8,0,3,0,0,Adam,Wilk
wilkad01,NYM,NL,3,5,0,1,0,2,8,1,0,1,0,0,Adam,Wilk
willitr01,PIT,NL,150,68,7,9,0,117,145,52,0,31,0,0,Trevor,Williams
wilsoal01,DET,AL,60,30,2,5,2,42,67,15,0,66,0,0,Alex,Wilson
wilsoju10,DET,AL,40,12,3,4,13,55,22,16,0,42,0,0,Justin,Wilson
wilsoju10,CHC,NL,17,10,1,0,0,25,18,19,0,23,0,0,Justin,Wilson
wilsoty01,BAL,AL,15,12,2,2,0,9,22,4,0,9,1,0,Tyler,Wilson
wimmeal01,MIN,AL,7,4,0,0,0,7,8,8,0,6,0,0,Alex,Wimmers
winklda01,ATL,NL,14,4,1,1,0,18,7,6,0,16,0,0,Daniel,Winkler
wislema01,ATL,NL,32,30,0,1,0,22,43,13,0,20,0,0,Matt,Wisler
wittgni01,MIA,NL,42,22,3,1,0,43,46,13,0,38,0,0,Nick,Wittgren
wojcias01,CIN,NL,62,45,4,3,0,64,71,19,0,25,0,0,Asher,Wojciechowski
woodal02,LAD,NL,152,46,16,3,0,151,123,38,0,27,0,0,Alex,Wood
woodbl01,LAA,AL,17,9,2,0,0,22,20,4,0,17,0,0,Blake,Wood
woodbl01,CIN,NL,57,36,1,4,0,62,64,29,0,55,2,0,Blake,Wood
woodtr01,KCR,AL,41,32,1,3,0,29,56,20,0,28,0,0,Travis,Wood
woodtr01,SDP,NL,52,39,3,4,0,36,62,25,0,11,0,0,Travis,Wood
workmbr01,BOS,AL,39,14,1,1,0,37,37,11,0,33,0,0,Brandon,Workman
worleva01,MIA,NL,71,55,2,6,1,50,99,30,0,24,0,0,Vance,Worley
wrighda04,LAA,AL,19,10,0,1,0,11,21,8,0,5,0,0,Daniel,Wright
wrighmi01,BAL,AL,25,16,0,0,0,28,26,7,0,13,0,0,Mike,Wright
wrighst01,BOS,AL,24,22,1,3,0,13,40,5,0,5,0,0,Steven,Wright
yateski01,SDP,NL,55,23,4,5,1,87,42,19,0,61,1,0,Kirby,Yates
yateski01,LAA,AL,1,2,0,0,0,1,2,0,0,1,0,0,Kirby,Yates
ynoaga01,BAL,AL,34,16,2,3,0,26,39,8,0,9,0,0,Gabriel,Ynoa
ynoami01,CHW,AL,29,19,1,0,0,23,28,22,0,22,0,0,Michael,Ynoa
youngch03,KCR,AL,30,25,0,0,0,22,47,14,0,14,0,0,Chris,Young
zastrro01,CHC,NL,13,12,0,0,0,11,19,7,0,4,0,0,Rob,Zastryzny
zieglbr01,MIA,NL,47,25,1,4,10,26,57,16,0,53,0,0,Brad,Ziegler
zimmejo02,DET,AL,160,108,8,13,0,103,204,44,0,29,0,0,Jordan,Zimmermann
zychto01,SEA,AL,40,12,6,3,1,35,30,21,0,45,1,0,Tony,Zych
